property_code,be_department_slug,be_department,be_section,dept_code,account,account_name,pl_line,section,original_class,pct_variable,map_source,excluded_from_be,source_rows
OXI,rooms,Rooms,PAYROLL,0110,6000,Salary and Wages,OPEX_ROOMS,OPERATING EXPENSES,Variable,1.0,GL,false,CWL 0110:6000
OXI,rooms,Rooms,PAYROLL,0110,6001,Overtime,OPEX_ROOMS,OPERATING EXPENSES,Variable,1.0,GL,false,CWL 0110:6001
OXI,rooms,Rooms,PAYROLL,0110,6002,Day Off,OPEX_ROOMS,OPERATING EXPENSES,Variable,1.0,GL,false,CWL 0110:6002
OXI,rooms,Rooms,PAYROLL,0110,6003,Working Holiday,OPEX_ROOMS,OPERATING EXPENSES,Variable,1.0,GL,false,CWL 0110:6003
OXI,rooms,Rooms,PAYROLL,0110,6010,Commissions,OPEX_ROOMS,OPERATING EXPENSES,Variable,1.0,GL,false,CWL 0110:6010
OXI,rooms,Rooms,PAYROLL,0110,6020,Social Security,OPEX_ROOMS,OPERATING EXPENSES,Variable,1.0,GL,false,CWL 0110:6020
OXI,rooms,Rooms,PAYROLL,0110,6021,Christmas bonus,OPEX_ROOMS,OPERATING EXPENSES,Variable,1.0,GL,false,CWL 0110:6021
OXI,rooms,Rooms,PAYROLL,0110,6022,Work Risk Policy,OPEX_ROOMS,OPERATING EXPENSES,Variable,1.0,GL,false,CWL 0110:6022
OXI,rooms,Rooms,PAYROLL,0110,6023,Vacations Accrual,OPEX_ROOMS,OPERATING EXPENSES,Variable,1.0,GL,false,CWL 0110:6023
OXI,rooms,Rooms,PAYROLL,0110,6024,Vacations Taken,OPEX_ROOMS,OPERATING EXPENSES,Variable,1.0,GL,false,CWL 0110:6024
OXI,rooms,Rooms,PAYROLL,0110,6025,Cafeteria,OPEX_ROOMS,OPERATING EXPENSES,Variable,1.0,GL,false,CWL 0110:6025
OXI,rooms,Rooms,PAYROLL,0110,6026,Notice and Severance Pay,OPEX_ROOMS,OPERATING EXPENSES,Variable,1.0,GL,false,CWL 0110:6026
OXI,rooms,Rooms,PAYROLL,0110,6027,Incentive Bonus,OPEX_ROOMS,OPERATING EXPENSES,Variable,1.0,GL,false,CWL 0110:6027
OXI,rooms,Rooms,PAYROLL,0110,6028,Housing,OPEX_ROOMS,OPERATING EXPENSES,Variable,1.0,GL,false,CWL 0110:6028
OXI,rooms,Rooms,PAYROLL,0110,6029,Employee Transportation,OPEX_ROOMS,OPERATING EXPENSES,Variable,1.0,GL,false,CWL 0110:6029
OXI,rooms,Rooms,PAYROLL,0110,6030,Employee Benefit Others,OPEX_ROOMS,OPERATING EXPENSES,Variable,1.0,GL,false,CWL 0110:6030
OXI,rooms,Rooms,OPERATING EXPENSES,0110,7065,Cleaning Supplies,OPEX_ROOMS,OPERATING EXPENSES,Variable,1.0,GL,false,CWL 0110:7065
OXI,rooms,Rooms,OPERATING EXPENSES,0110,7070,Cluster Services,OPEX_ROOMS,OPERATING EXPENSES,Variable,1.0,GL,false,CWL 0110:7070
OXI,rooms,Rooms,OPERATING EXPENSES,0110,7080,Commissions,OPEX_ROOMS,OPERATING EXPENSES,Variable,1.0,GL,false,CWL 0110:7080
OXI,rooms,Rooms,OPERATING EXPENSES,0110,7085,Commissions and Fees—Group,OPEX_ROOMS,OPERATING EXPENSES,Variable,1.0,GL,false,CWL 0110:7085
OXI,rooms,Rooms,OPERATING EXPENSES,0110,7090,Complimentary Food and Beverage,OPEX_ROOMS,OPERATING EXPENSES,Variable,1.0,GL,false,CWL 0110:7090
OXI,rooms,Rooms,OPERATING EXPENSES,0110,7095,Complimentary In-Room/Media Entertainment,OPEX_ROOMS,OPERATING EXPENSES,Variable,1.0,GL,false,CWL 0110:7095
OXI,rooms,Rooms,OPERATING EXPENSES,0110,7100,Complimentary Services and Gifts,OPEX_ROOMS,OPERATING EXPENSES,Variable,1.0,GL,false,CWL 0110:7100
OXI,rooms,Rooms,OPERATING EXPENSES,0110,7105,Contract Services,OPEX_ROOMS,OPERATING EXPENSES,Variable,1.0,GL,false,CWL 0110:7105
OXI,rooms,Rooms,OPERATING EXPENSES,0110,7110,Corporate Office Reimbursables,OPEX_ROOMS,OPERATING EXPENSES,Variable,1.0,GL,false,CWL 0110:7110
OXI,rooms,Rooms,OPERATING EXPENSES,0110,7125,Decorations,OPEX_ROOMS,OPERATING EXPENSES,Variable,1.0,GL,false,CWL 0110:7125
OXI,rooms,Rooms,OPERATING EXPENSES,0110,7150,Dues and Subscriptions,OPEX_ROOMS,OPERATING EXPENSES,Fixed Cost,0.0,GL,false,CWL 0110:7150
OXI,rooms,Rooms,OPERATING EXPENSES,0110,7175,Entertainment—In-House,OPEX_ROOMS,OPERATING EXPENSES,Variable,1.0,GL,false,CWL 0110:7175
OXI,rooms,Rooms,OPERATING EXPENSES,0110,7185,Equipment Rental,OPEX_ROOMS,OPERATING EXPENSES,Variable,1.0,GL,false,CWL 0110:7185
OXI,rooms,Rooms,OPERATING EXPENSES,0110,7245,Guest Relocation,OPEX_ROOMS,OPERATING EXPENSES,Variable,1.0,GL,false,CWL 0110:7245
OXI,rooms,Rooms,OPERATING EXPENSES,0110,7250,Guest Supplies,OPEX_ROOMS,OPERATING EXPENSES,Variable,1.0,GL,false,CWL 0110:7250
OXI,rooms,Rooms,OPERATING EXPENSES,0110,7255,Guest Transportation,OPEX_ROOMS,OPERATING EXPENSES,Variable,1.0,GL,false,CWL 0110:7255
OXI,rooms,Rooms,OPERATING EXPENSES,0110,7310,Laundry and Dry Cleaning,OPEX_ROOMS,OPERATING EXPENSES,Variable,1.0,GL,false,CWL 0110:7310
OXI,rooms,Rooms,OPERATING EXPENSES,0110,7335,Licenses and Permits,OPEX_ROOMS,OPERATING EXPENSES,Variable,1.0,GL,false,CWL 0110:7335
OXI,rooms,Rooms,OPERATING EXPENSES,0110,7350,Linen,OPEX_ROOMS,OPERATING EXPENSES,Variable,1.0,GL,false,CWL 0110:7350
OXI,rooms,Rooms,OPERATING EXPENSES,0110,7380,Miscellaneous,OPEX_ROOMS,OPERATING EXPENSES,Variable,1.0,GL,false,CWL 0110:7380
OXI,rooms,Rooms,OPERATING EXPENSES,0110,7400,Operating Supplies,OPEX_ROOMS,OPERATING EXPENSES,Variable,1.0,GL,false,CWL 0110:7400
OXI,rooms,Rooms,OPERATING EXPENSES,0110,7485,Postage and Overnight Delivery Charges,OPEX_ROOMS,OPERATING EXPENSES,Variable,1.0,GL,false,CWL 0110:7485
OXI,rooms,Rooms,OPERATING EXPENSES,0110,7490,Printing and Stationery,OPEX_ROOMS,OPERATING EXPENSES,Variable,1.0,GL,false,CWL 0110:7490
OXI,rooms,Rooms,OPERATING EXPENSES,0110,7525,Reservations,OPEX_ROOMS,OPERATING EXPENSES,Fixed Cost,0.0,GL,false,CWL 0110:7525
OXI,rooms,Rooms,OPERATING EXPENSES,0110,7530,Royalty Fees,OPEX_ROOMS,OPERATING EXPENSES,Variable,1.0,GL,false,CWL 0110:7530
OXI,rooms,Rooms,OPERATING EXPENSES,0110,7665,Training,OPEX_ROOMS,OPERATING EXPENSES,Variable,1.0,GL,false,CWL 0110:7665
OXI,rooms,Rooms,OPERATING EXPENSES,0110,7670,Travel—Meals and Entertainment,OPEX_ROOMS,OPERATING EXPENSES,Variable,1.0,GL,false,CWL 0110:7670
OXI,rooms,Rooms,OPERATING EXPENSES,0110,7675,Travel—Other,OPEX_ROOMS,OPERATING EXPENSES,Variable,1.0,GL,false,CWL 0110:7675
OXI,rooms,Rooms,OPERATING EXPENSES,0110,7680,Uniform Costs,OPEX_ROOMS,OPERATING EXPENSES,Variable,1.0,GL,false,CWL 0110:7680
OXI,rooms,Rooms,OPERATING EXPENSES,0110,7685,Uniform Laundry,OPEX_ROOMS,OPERATING EXPENSES,Variable,1.0,GL,false,CWL 0110:7685
OXI,fb,F&B,COST OF SALES,0120,5101,Food Cost,COS_FB_FOOD,COST OF SALES,Variable,1.0,GL,false,CWL 0120:5101
OXI,fb,F&B,COST OF SALES,0120,5102,Food Cost,COS_FB_FOOD,COST OF SALES,Variable,1.0,GL,false,CWL 0120:5102
OXI,fb,F&B,COST OF SALES,0120,5103,Freight on FoodCostos Alimentos,COS_FB_FOOD,COST OF SALES,Variable,1.0,GL,false,ANALOGIA CWL fb 51xx (3/3)
OXI,fb,F&B,COST OF SALES,0120,5150,Beverage Cost,COS_FB_BEV,COST OF SALES,Variable,1.0,GL,false,CWL 0120:5150
OXI,fb,F&B,COST OF SALES,0120,5151,Liquor CostCostos Beverage,COS_FB_BEV,COST OF SALES,Variable,1.0,GL,false,ANALOGIA CWL fb 51xx (3/3)
OXI,fb,F&B,COST OF SALES,0120,5152,Wine CostCostos Beverage,COS_FB_BEV,COST OF SALES,Variable,1.0,GL,false,ANALOGIA CWL fb 51xx (3/3)
OXI,fb,F&B,COST OF SALES,0120,5153,Beer CostCostos Beverage,COS_FB_BEV,COST OF SALES,Variable,1.0,GL,false,ANALOGIA CWL fb 51xx (3/3)
OXI,fb,F&B,COST OF SALES,0120,5154,Other CostCostos Beverage,COS_FB_BEV,COST OF SALES,Variable,1.0,GL,false,ANALOGIA CWL fb 51xx (3/3)
OXI,fb,F&B,COST OF SALES,0120,5155,Food to BarCostos Beverage,COS_FB_BEV,COST OF SALES,Variable,1.0,GL,false,ANALOGIA CWL fb 51xx (3/3)
OXI,fb,F&B,COST OF SALES,0120,5161,F&B Misc CostCostos F&B Misc,COS_FB_MISC,COST OF SALES,Variable,1.0,GL,false,ANALOGIA CWL fb 51xx (3/3)
OXI,fb,F&B,COST OF SALES,0120,5162,F&B Misc Cost 2Costos F&B Misc,COS_FB_MISC,COST OF SALES,Variable,1.0,GL,false,ANALOGIA CWL fb 51xx (3/3)
OXI,fb,F&B,COST OF SALES,0120,5163,F&B Misc Cost 3Costos F&B Misc,COS_FB_MISC,COST OF SALES,Variable,1.0,GL,false,ANALOGIA CWL fb 51xx (3/3)
OXI,fb,F&B,COST OF SALES,0120,5164,F&B Misc Cost 4Costos F&B Misc,COS_FB_MISC,COST OF SALES,Variable,1.0,GL,false,ANALOGIA CWL fb 51xx (3/3)
OXI,fb,F&B,COST OF SALES,0120,5165,F&B Misc Cost 5Costos F&B Misc,COS_FB_MISC,COST OF SALES,Variable,1.0,GL,false,ANALOGIA CWL fb 51xx (3/3)
OXI,fb,F&B,PAYROLL,0120,6000,Salary and Wages,OPEX_FB,OPERATING EXPENSES,Variable,1.0,GL,false,CWL 0120:6000
OXI,fb,F&B,PAYROLL,0120,6001,Overtime,OPEX_FB,OPERATING EXPENSES,Variable,1.0,GL,false,CWL 0120:6001
OXI,fb,F&B,PAYROLL,0120,6002,Day Off,OPEX_FB,OPERATING EXPENSES,Variable,1.0,GL,false,CWL 0120:6002
OXI,fb,F&B,PAYROLL,0120,6003,Working Holiday,OPEX_FB,OPERATING EXPENSES,Variable,1.0,GL,false,CWL 0120:6003
OXI,fb,F&B,PAYROLL,0120,6010,Commissions,OPEX_FB,OPERATING EXPENSES,Variable,1.0,GL,false,CWL 0120:6010
OXI,fb,F&B,PAYROLL,0120,6020,Social Security,OPEX_FB,OPERATING EXPENSES,Variable,1.0,GL,false,CWL 0120:6020
OXI,fb,F&B,PAYROLL,0120,6021,Christmas bonus,OPEX_FB,OPERATING EXPENSES,Variable,1.0,GL,false,CWL 0120:6021
OXI,fb,F&B,PAYROLL,0120,6022,Work Risk Policy,OPEX_FB,OPERATING EXPENSES,Variable,1.0,GL,false,CWL 0120:6022
OXI,fb,F&B,PAYROLL,0120,6023,Vacations Accrual,OPEX_FB,OPERATING EXPENSES,Variable,1.0,GL,false,CWL 0120:6023
OXI,fb,F&B,PAYROLL,0120,6024,Vacations Taken,OPEX_FB,OPERATING EXPENSES,Variable,1.0,GL,false,CWL 0120:6024
OXI,fb,F&B,PAYROLL,0120,6025,Cafeteria,OPEX_FB,OPERATING EXPENSES,Variable,1.0,GL,false,CWL 0120:6025
OXI,fb,F&B,PAYROLL,0120,6026,Notice and Severance Pay,OPEX_FB,OPERATING EXPENSES,Variable,1.0,GL,false,CWL 0120:6026
OXI,fb,F&B,PAYROLL,0120,6027,Incentive Bonus,OPEX_FB,OPERATING EXPENSES,Variable,1.0,GL,false,CWL 0120:6027
OXI,fb,F&B,PAYROLL,0120,6028,Housing,OPEX_FB,OPERATING EXPENSES,Variable,1.0,GL,false,CWL 0120:6028
OXI,fb,F&B,PAYROLL,0120,6029,Employee Transportation,OPEX_FB,OPERATING EXPENSES,Variable,1.0,GL,false,CWL 0120:6029
OXI,fb,F&B,PAYROLL,0120,6030,Employee Benefit Others,OPEX_FB,OPERATING EXPENSES,Variable,1.0,GL,false,CWL 0120:6030
OXI,fb,F&B,OPERATING EXPENSES,0120,7025,Banquet Expenses,OPEX_FB,OPERATING EXPENSES,Variable,1.0,GL,false,CWL 0120:7025
OXI,fb,F&B,OPERATING EXPENSES,0120,7060,China,OPEX_FB,OPERATING EXPENSES,Variable,1.0,GL,false,CWL 0120:7060
OXI,fb,F&B,OPERATING EXPENSES,0120,7065,Cleaning Supplies,OPEX_FB,OPERATING EXPENSES,Variable,1.0,GL,false,CWL 0120:7065
OXI,fb,F&B,OPERATING EXPENSES,0120,7070,Cluster Services,OPEX_FB,OPERATING EXPENSES,Variable,1.0,GL,false,CWL 0120:7070
OXI,fb,F&B,OPERATING EXPENSES,0120,7080,Commissions,OPEX_FB,OPERATING EXPENSES,Variable,1.0,GL,false,CWL 0120:7080
OXI,fb,F&B,OPERATING EXPENSES,0120,7100,Complimentary Services and Gifts,OPEX_FB,OPERATING EXPENSES,Variable,1.0,GL,false,CWL 0120:7100
OXI,fb,F&B,OPERATING EXPENSES,0120,7105,Contract Services,OPEX_FB,OPERATING EXPENSES,Variable,1.0,GL,false,CWL 0120:7105
OXI,fb,F&B,OPERATING EXPENSES,0120,7110,Corporate Office Reimbursables,OPEX_FB,OPERATING EXPENSES,Variable,1.0,GL,false,CWL 0120:7110
OXI,fb,F&B,OPERATING EXPENSES,0120,7125,Decorations,OPEX_FB,OPERATING EXPENSES,Variable,1.0,GL,false,CWL 0120:7125
OXI,fb,F&B,OPERATING EXPENSES,0120,7140,Dishwashing Supplies,OPEX_FB,OPERATING EXPENSES,Variable,1.0,GL,false,CWL 0120:7140
OXI,fb,F&B,OPERATING EXPENSES,0120,7150,Dues and Subscriptions,OPEX_FB,OPERATING EXPENSES,Variable,1.0,GL,false,CWL 0120:7150
OXI,fb,F&B,OPERATING EXPENSES,0120,7175,Entertainment—In-House,OPEX_FB,OPERATING EXPENSES,Variable,1.0,GL,false,CWL 0120:7175
OXI,fb,F&B,OPERATING EXPENSES,0120,7185,Equipment Rental,OPEX_FB,OPERATING EXPENSES,Variable,1.0,GL,false,CWL 0120:7185
OXI,fb,F&B,OPERATING EXPENSES,0120,7195,Flatware,OPEX_FB,OPERATING EXPENSES,Variable,1.0,GL,false,CWL 0120:7195
OXI,fb,F&B,OPERATING EXPENSES,0120,7235,Glassware,OPEX_FB,OPERATING EXPENSES,Variable,1.0,GL,false,CWL 0120:7235
OXI,fb,F&B,OPERATING EXPENSES,0120,7275,Ice,OPEX_FB,OPERATING EXPENSES,Variable,1.0,GL,false,CWL 0120:7275
OXI,fb,F&B,OPERATING EXPENSES,0120,7295,Kitchen Fuel,OPEX_FB,OPERATING EXPENSES,Variable,1.0,GL,false,CWL 0120:7295
OXI,fb,F&B,OPERATING EXPENSES,0120,7300,Kitchen Smallwares,OPEX_FB,OPERATING EXPENSES,Variable,1.0,GL,false,CWL 0120:7300
OXI,fb,F&B,OPERATING EXPENSES,0120,7310,Laundry and Dry Cleaning,OPEX_FB,OPERATING EXPENSES,Variable,1.0,GL,false,CWL 0120:7310
OXI,fb,F&B,OPERATING EXPENSES,0120,7335,Licenses and Permits,OPEX_FB,OPERATING EXPENSES,Variable,1.0,GL,false,CWL 0120:7335
OXI,fb,F&B,OPERATING EXPENSES,0120,7350,Linen,OPEX_FB,OPERATING EXPENSES,Variable,1.0,GL,false,CWL 0120:7350
OXI,fb,F&B,OPERATING EXPENSES,0120,7365,Management Fees,OPEX_FB,OPERATING EXPENSES,Variable,1.0,GL,false,CWL 0120:7365
OXI,fb,F&B,OPERATING EXPENSES,0120,7375,Menus and Beverage Lists,OPEX_FB,OPERATING EXPENSES,Variable,1.0,GL,false,CWL 0120:7375
OXI,fb,F&B,OPERATING EXPENSES,0120,7380,Miscellaneous,OPEX_FB,OPERATING EXPENSES,Variable,1.0,GL,false,CWL 0120:7380
OXI,fb,F&B,OPERATING EXPENSES,0120,7385,Music and Entertainment,OPEX_FB,OPERATING EXPENSES,Variable,1.0,GL,false,CWL 0120:7385
OXI,fb,F&B,OPERATING EXPENSES,0120,7400,Operating Supplies,OPEX_FB,OPERATING EXPENSES,Variable,1.0,GL,false,CWL 0120:7400
OXI,fb,F&B,OPERATING EXPENSES,0120,7460,Paper and Plastics,OPEX_FB,OPERATING EXPENSES,Variable,1.0,GL,false,CWL 0120:7460
OXI,fb,F&B,OPERATING EXPENSES,0120,7485,Postage and Overnight Delivery Charges,OPEX_FB,OPERATING EXPENSES,Variable,1.0,GL,false,CWL 0120:7485
OXI,fb,F&B,OPERATING EXPENSES,0120,7490,Printing and Stationery,OPEX_FB,OPERATING EXPENSES,Variable,1.0,GL,false,CWL 0120:7490
OXI,fb,F&B,OPERATING EXPENSES,0120,7525,Reservations,OPEX_FB,OPERATING EXPENSES,Variable,1.0,GL,false,CWL 0120:7525
OXI,fb,F&B,OPERATING EXPENSES,0120,7530,Royalty Fees,OPEX_FB,OPERATING EXPENSES,Variable,1.0,GL,false,CWL 0120:7530
OXI,fb,F&B,OPERATING EXPENSES,0120,7665,Training,OPEX_FB,OPERATING EXPENSES,Variable,1.0,GL,false,CWL 0120:7665
OXI,fb,F&B,OPERATING EXPENSES,0120,7670,Travel—Meals and Entertainment,OPEX_FB,OPERATING EXPENSES,Variable,1.0,GL,false,CWL 0120:7670
OXI,fb,F&B,OPERATING EXPENSES,0120,7675,Travel—Other,OPEX_FB,OPERATING EXPENSES,Variable,1.0,GL,false,CWL 0120:7675
OXI,fb,F&B,OPERATING EXPENSES,0120,7680,Uniform Costs,OPEX_FB,OPERATING EXPENSES,Variable,1.0,GL,false,CWL 0120:7680
OXI,fb,F&B,OPERATING EXPENSES,0120,7685,Uniform Laundry,OPEX_FB,OPERATING EXPENSES,Variable,1.0,GL,false,CWL 0120:7685
OXI,fb,F&B,OPERATING EXPENSES,0120,7695,Utensils,OPEX_FB,OPERATING EXPENSES,Variable,1.0,GL,false,CWL 0120:7695
OXI,spa,Spa,COST OF SALES,0140,5300,Spa Retail 1 CostCostos Spa,COS_SPA,COST OF SALES,Variable,1.0,GL,false,ANALOGIA CWL spa OTRO (37/37)
OXI,spa,Spa,COST OF SALES,0140,5301,Laundry Cost,COS_SPA,COST OF SALES,Variable,1.0,GL,false,ANALOGIA CWL spa OTRO (37/37)
OXI,spa,Spa,PAYROLL,0140,6000,Salary and Wages,OPEX_SPA,OPERATING EXPENSES,Fixed Cost,0.0,GL,false,CWL 0140:6000
OXI,spa,Spa,PAYROLL,0140,6001,Overtime,OPEX_SPA,OPERATING EXPENSES,Fixed Cost,0.0,GL,false,CWL 0140:6001
OXI,spa,Spa,PAYROLL,0140,6002,Day Off,OPEX_SPA,OPERATING EXPENSES,Fixed Cost,0.0,GL,false,CWL 0140:6002
OXI,spa,Spa,PAYROLL,0140,6003,Working Holiday,OPEX_SPA,OPERATING EXPENSES,Fixed Cost,0.0,GL,false,CWL 0140:6003
OXI,spa,Spa,PAYROLL,0140,6010,Commissions,OPEX_SPA,OPERATING EXPENSES,Fixed Cost,0.0,GL,false,CWL 0140:6010
OXI,spa,Spa,PAYROLL,0140,6020,Social Security,OPEX_SPA,OPERATING EXPENSES,Fixed Cost,0.0,GL,false,CWL 0140:6020
OXI,spa,Spa,PAYROLL,0140,6021,Christmas bonus,OPEX_SPA,OPERATING EXPENSES,Fixed Cost,0.0,GL,false,CWL 0140:6021
OXI,spa,Spa,PAYROLL,0140,6022,Work Risk Policy,OPEX_SPA,OPERATING EXPENSES,Fixed Cost,0.0,GL,false,CWL 0140:6022
OXI,spa,Spa,PAYROLL,0140,6023,Vacations Accrual,OPEX_SPA,OPERATING EXPENSES,Fixed Cost,0.0,GL,false,CWL 0140:6023
OXI,spa,Spa,PAYROLL,0140,6024,Vacations Taken,OPEX_SPA,OPERATING EXPENSES,Fixed Cost,0.0,GL,false,CWL 0140:6024
OXI,spa,Spa,PAYROLL,0140,6025,Cafeteria,OPEX_SPA,OPERATING EXPENSES,Fixed Cost,0.0,GL,false,CWL 0140:6025
OXI,spa,Spa,PAYROLL,0140,6026,Notice and Severance Pay,OPEX_SPA,OPERATING EXPENSES,Fixed Cost,0.0,GL,false,CWL 0140:6026
OXI,spa,Spa,PAYROLL,0140,6027,Incentive Bonus,OPEX_SPA,OPERATING EXPENSES,Fixed Cost,0.0,GL,false,CWL 0140:6027
OXI,spa,Spa,PAYROLL,0140,6028,Housing,OPEX_SPA,OPERATING EXPENSES,Fixed Cost,0.0,GL,false,CWL 0140:6028
OXI,spa,Spa,PAYROLL,0140,6029,Employee Transportation,OPEX_SPA,OPERATING EXPENSES,Fixed Cost,0.0,GL,false,CWL 0140:6029
OXI,spa,Spa,PAYROLL,0140,6030,Employee Benefit Others,OPEX_SPA,OPERATING EXPENSES,Fixed Cost,0.0,GL,false,CWL 0140:6030
OXI,spa,Spa,OPERATING EXPENSES,0140,7005,Ambience,OPEX_SPA,OPERATING EXPENSES,Variable,1.0,GL,false,CWL 0140:7005
OXI,spa,Spa,OPERATING EXPENSES,0140,7010,Athletic Supplies,OPEX_SPA,OPERATING EXPENSES,Variable,1.0,GL,false,CWL 0140:7010
OXI,spa,Spa,OPERATING EXPENSES,0140,7065,Cleaning Supplies,OPEX_SPA,OPERATING EXPENSES,Variable,1.0,GL,false,CWL 0140:7065
OXI,spa,Spa,OPERATING EXPENSES,0140,7070,Cluster Services,OPEX_SPA,OPERATING EXPENSES,Variable,1.0,GL,false,CWL 0140:7070
OXI,spa,Spa,OPERATING EXPENSES,0140,7100,Complimentary Services and Gifts,OPEX_SPA,OPERATING EXPENSES,Variable,1.0,GL,false,CWL 0140:7100
OXI,spa,Spa,OPERATING EXPENSES,0140,7105,Contract Services,OPEX_SPA,OPERATING EXPENSES,Variable,1.0,GL,false,CWL 0140:7105
OXI,spa,Spa,OPERATING EXPENSES,0140,7110,Corporate Office Reimbursables,OPEX_SPA,OPERATING EXPENSES,Variable,1.0,GL,false,CWL 0140:7110
OXI,spa,Spa,OPERATING EXPENSES,0140,7125,Decorations,OPEX_SPA,OPERATING EXPENSES,Variable,1.0,GL,false,CWL 0140:7125
OXI,spa,Spa,OPERATING EXPENSES,0140,7150,Dues and Subscriptions,OPEX_SPA,OPERATING EXPENSES,Variable,1.0,GL,false,CWL 0140:7150
OXI,spa,Spa,OPERATING EXPENSES,0140,7175,Entertainment—In-House,OPEX_SPA,OPERATING EXPENSES,Variable,1.0,GL,false,CWL 0140:7175
OXI,spa,Spa,OPERATING EXPENSES,0140,7185,Equipment Rental,OPEX_SPA,OPERATING EXPENSES,Variable,1.0,GL,false,CWL 0140:7185
OXI,spa,Spa,OPERATING EXPENSES,0140,7260,Health and Beauty Products,OPEX_SPA,OPERATING EXPENSES,Variable,1.0,GL,false,CWL 0140:7260
OXI,spa,Spa,OPERATING EXPENSES,0140,7310,Laundry and Dry Cleaning,OPEX_SPA,OPERATING EXPENSES,Variable,1.0,GL,false,CWL 0140:7310
OXI,spa,Spa,OPERATING EXPENSES,0140,7335,Licenses and Permits,OPEX_SPA,OPERATING EXPENSES,Variable,1.0,GL,false,CWL 0140:7335
OXI,spa,Spa,OPERATING EXPENSES,0140,7350,Linen,OPEX_SPA,OPERATING EXPENSES,Variable,1.0,GL,false,CWL 0140:7350
OXI,spa,Spa,OPERATING EXPENSES,0140,7365,Management Fees,OPEX_SPA,OPERATING EXPENSES,Variable,1.0,GL,false,CWL 0140:7365
OXI,spa,Spa,OPERATING EXPENSES,0140,7380,Miscellaneous,OPEX_SPA,OPERATING EXPENSES,Variable,1.0,GL,false,CWL 0140:7380
OXI,spa,Spa,OPERATING EXPENSES,0140,7400,Operating Supplies,OPEX_SPA,OPERATING EXPENSES,Variable,1.0,GL,false,CWL 0140:7400
OXI,spa,Spa,OPERATING EXPENSES,0140,7490,Printing and Stationery,OPEX_SPA,OPERATING EXPENSES,Variable,1.0,GL,false,CWL 0140:7490
OXI,spa,Spa,OPERATING EXPENSES,0140,7525,Reservations,OPEX_SPA,OPERATING EXPENSES,Variable,1.0,GL,false,CWL 0140:7525
OXI,spa,Spa,OPERATING EXPENSES,0140,7530,Royalty Fees,OPEX_SPA,OPERATING EXPENSES,Variable,1.0,GL,false,CWL 0140:7530
OXI,spa,Spa,OPERATING EXPENSES,0140,7555,Swimming Pool,OPEX_SPA,OPERATING EXPENSES,Variable,1.0,GL,false,CWL 0140:7555
OXI,spa,Spa,OPERATING EXPENSES,0140,7665,Training,OPEX_SPA,OPERATING EXPENSES,Variable,1.0,GL,false,CWL 0140:7665
OXI,spa,Spa,OPERATING EXPENSES,0140,7670,Travel—Meals and Entertainment,OPEX_SPA,OPERATING EXPENSES,Variable,1.0,GL,false,CWL 0140:7670
OXI,spa,Spa,OPERATING EXPENSES,0140,7675,Travel—Other,OPEX_SPA,OPERATING EXPENSES,Variable,1.0,GL,false,CWL 0140:7675
OXI,spa,Spa,OPERATING EXPENSES,0140,7680,Uniform Costs,OPEX_SPA,OPERATING EXPENSES,Variable,1.0,GL,false,CWL 0140:7680
OXI,spa,Spa,OPERATING EXPENSES,0140,7685,Uniform Laundry,OPEX_SPA,OPERATING EXPENSES,Variable,1.0,GL,false,CWL 0140:7685
OXI,tours,Tours,PAYROLL,0150,6000,Salary and Wages,OPEX_TOURS,OPERATING EXPENSES,Variable,1.0,GL,false,CWL 0150:6000
OXI,tours,Tours,PAYROLL,0150,6001,Overtime,OPEX_TOURS,OPERATING EXPENSES,Variable,1.0,GL,false,CWL 0150:6001
OXI,tours,Tours,PAYROLL,0150,6002,Day Off,OPEX_TOURS,OPERATING EXPENSES,Variable,1.0,GL,false,CWL 0150:6002
OXI,tours,Tours,PAYROLL,0150,6003,Working Holiday,OPEX_TOURS,OPERATING EXPENSES,Variable,1.0,GL,false,CWL 0150:6003
OXI,tours,Tours,PAYROLL,0150,6010,Commissions,OPEX_TOURS,OPERATING EXPENSES,Variable,1.0,GL,false,CWL 0150:6010
OXI,tours,Tours,PAYROLL,0150,6020,Social Security,OPEX_TOURS,OPERATING EXPENSES,Variable,1.0,GL,false,CWL 0150:6020
OXI,tours,Tours,PAYROLL,0150,6021,Christmas bonus,OPEX_TOURS,OPERATING EXPENSES,Variable,1.0,GL,false,CWL 0150:6021
OXI,tours,Tours,PAYROLL,0150,6022,Work Risk Policy,OPEX_TOURS,OPERATING EXPENSES,Variable,1.0,GL,false,CWL 0150:6022
OXI,tours,Tours,PAYROLL,0150,6023,Vacations Accrual,OPEX_TOURS,OPERATING EXPENSES,Variable,1.0,GL,false,CWL 0150:6023
OXI,tours,Tours,PAYROLL,0150,6024,Vacations Taken,OPEX_TOURS,OPERATING EXPENSES,Variable,1.0,GL,false,CWL 0150:6024
OXI,tours,Tours,PAYROLL,0150,6025,Cafeteria,OPEX_TOURS,OPERATING EXPENSES,Variable,1.0,GL,false,CWL 0150:6025
OXI,tours,Tours,PAYROLL,0150,6026,Notice and Severance Pay,OPEX_TOURS,OPERATING EXPENSES,Variable,1.0,GL,false,CWL 0150:6026
OXI,tours,Tours,PAYROLL,0150,6027,Incentive Bonus,OPEX_TOURS,OPERATING EXPENSES,Variable,1.0,GL,false,CWL 0150:6027
OXI,tours,Tours,PAYROLL,0150,6028,Housing,OPEX_TOURS,OPERATING EXPENSES,Variable,1.0,GL,false,CWL 0150:6028
OXI,tours,Tours,PAYROLL,0150,6029,Employee Transportation,OPEX_TOURS,OPERATING EXPENSES,Variable,1.0,GL,false,CWL 0150:6029
OXI,tours,Tours,PAYROLL,0150,6030,Employee Benefit Others,OPEX_TOURS,OPERATING EXPENSES,Variable,1.0,GL,false,CWL 0150:6030
OXI,tours,Tours,PAYROLL,0150,6031,contract labor,OPEX_TOURS,OPERATING EXPENSES,Variable,1.0,GL,false,CWL 0150:6031
OXI,tours,Tours,COST OF SALES,0150,5350,Complimentary Food  for tour · Tickets for Corcovado Park,COS_TOURS,COST OF SALES,Variable,1.0,GL,false,CWL 0150:5350
OXI,tours,Tours,COST OF SALES,0150,5351,Complimentary Food  for tour · Tickets for Corcovado Park,COS_TOURS,COST OF SALES,Variable,1.0,GL,false,CWL 0150:5351
OXI,tours,Tours,OPERATING EXPENSES,0150,7380,Miscellaneous,OPEX_TOURS,OPERATING EXPENSES,Variable,1.0,GL,false,CWL 0150:7380
OXI,tours,Tours,OPERATING EXPENSES,0150,7400,Operating Supplies,OPEX_TOURS,OPERATING EXPENSES,Variable,1.0,GL,false,CWL 0150:7400
OXI,tours,Tours,OPERATING EXPENSES,0150,7490,Printing and Stationery,OPEX_TOURS,OPERATING EXPENSES,Variable,1.0,GL,false,CWL 0150:7490
OXI,tours,Tours,OPERATING EXPENSES,0150,7665,Training,OPEX_TOURS,OPERATING EXPENSES,Variable,1.0,GL,false,CWL 0150:7665
OXI,tours,Tours,OPERATING EXPENSES,0150,7670,Travel—Meals and Entertainment,OPEX_TOURS,OPERATING EXPENSES,Variable,1.0,GL,false,CWL 0150:7670
OXI,tours,Tours,OPERATING EXPENSES,0150,7675,Travel—Other,OPEX_TOURS,OPERATING EXPENSES,Variable,1.0,GL,false,CWL 0150:7675
OXI,tours,Tours,OPERATING EXPENSES,0150,7680,Uniform Costs,OPEX_TOURS,OPERATING EXPENSES,Variable,1.0,GL,false,CWL 0150:7680
OXI,tours,Tours,OPERATING EXPENSES,0150,7685,Uniform Laundry,OPEX_TOURS,OPERATING EXPENSES,Variable,1.0,GL,false,CWL 0150:7685
OXI,gift-shop,Gift Shop,PAYROLL,0165,6000,Salary and Wages,OPEX_RETAIL,OPERATING EXPENSES,Variable,1.0,GL,false,ANALOGIA CWL fb:6000
OXI,gift-shop,Gift Shop,PAYROLL,0165,6001,Overtime,OPEX_RETAIL,OPERATING EXPENSES,Variable,1.0,GL,false,ANALOGIA CWL fb:6001
OXI,gift-shop,Gift Shop,PAYROLL,0165,6002,Day Off,OPEX_RETAIL,OPERATING EXPENSES,Variable,1.0,GL,false,ANALOGIA CWL fb:6002
OXI,gift-shop,Gift Shop,PAYROLL,0165,6003,Working Holiday,OPEX_RETAIL,OPERATING EXPENSES,Variable,1.0,GL,false,ANALOGIA CWL fb:6003
OXI,gift-shop,Gift Shop,PAYROLL,0165,6010,Commissions,OPEX_RETAIL,OPERATING EXPENSES,Variable,1.0,GL,false,ANALOGIA CWL fb:6010
OXI,gift-shop,Gift Shop,PAYROLL,0165,6020,Social Security,OPEX_RETAIL,OPERATING EXPENSES,Variable,1.0,GL,false,ANALOGIA CWL fb:6020
OXI,gift-shop,Gift Shop,PAYROLL,0165,6021,Christmas bonus,OPEX_RETAIL,OPERATING EXPENSES,Variable,1.0,GL,false,ANALOGIA CWL fb:6021
OXI,gift-shop,Gift Shop,PAYROLL,0165,6022,Work Risk Policy,OPEX_RETAIL,OPERATING EXPENSES,Variable,1.0,GL,false,ANALOGIA CWL fb:6022
OXI,gift-shop,Gift Shop,PAYROLL,0165,6023,Vacations Accrual,OPEX_RETAIL,OPERATING EXPENSES,Variable,1.0,GL,false,ANALOGIA CWL fb:6023
OXI,gift-shop,Gift Shop,PAYROLL,0165,6024,Vacations Taken,OPEX_RETAIL,OPERATING EXPENSES,Variable,1.0,GL,false,ANALOGIA CWL fb:6024
OXI,gift-shop,Gift Shop,PAYROLL,0165,6025,Cafeteria,OPEX_RETAIL,OPERATING EXPENSES,Variable,1.0,GL,false,ANALOGIA CWL fb:6025
OXI,gift-shop,Gift Shop,PAYROLL,0165,6026,Notice and Severance Pay,OPEX_RETAIL,OPERATING EXPENSES,Variable,1.0,GL,false,ANALOGIA CWL fb:6026
OXI,gift-shop,Gift Shop,PAYROLL,0165,6027,Incentive Bonus,OPEX_RETAIL,OPERATING EXPENSES,Variable,1.0,GL,false,ANALOGIA CWL fb:6027
OXI,gift-shop,Gift Shop,PAYROLL,0165,6028,Housing,OPEX_RETAIL,OPERATING EXPENSES,Variable,1.0,GL,false,ANALOGIA CWL fb:6028
OXI,gift-shop,Gift Shop,PAYROLL,0165,6029,Employee Transportation,OPEX_RETAIL,OPERATING EXPENSES,Variable,1.0,GL,false,ANALOGIA CWL fb:6029
OXI,gift-shop,Gift Shop,PAYROLL,0165,6030,Employee Benefit Others,OPEX_RETAIL,OPERATING EXPENSES,Variable,1.0,GL,false,ANALOGIA CWL fb:6030
OXI,gift-shop,Gift Shop,COST OF SALES,0165,5203,Women's Clothing CostCostos Tienda,COS_RETAIL,COST OF SALES,Variable,1.0,GL,false,ANALOGIA CWL gift-shop 52xx (2/2)
OXI,gift-shop,Gift Shop,COST OF SALES,0165,5204,Children's Clothing CostCostos Tienda,COS_RETAIL,COST OF SALES,Variable,1.0,GL,false,ANALOGIA CWL gift-shop 52xx (2/2)
OXI,gift-shop,Gift Shop,COST OF SALES,0165,5205,Accessories Apparel CostCostos Tienda,COS_RETAIL,COST OF SALES,Variable,1.0,GL,false,ANALOGIA CWL gift-shop 52xx (2/2)
OXI,gift-shop,Gift Shop,COST OF SALES,0165,5206,Clothing Other 1 Cost of Retail,COS_RETAIL,COST OF SALES,Variable,1.0,GL,false,CWL 0165:5206
OXI,gift-shop,Gift Shop,COST OF SALES,0165,5207,Shoes CostCostos Tienda,COS_RETAIL,COST OF SALES,Variable,1.0,GL,false,ANALOGIA CWL gift-shop 52xx (2/2)
OXI,gift-shop,Gift Shop,COST OF SALES,0165,5208,Clothing Other 1 Cost of Retail,COS_RETAIL,COST OF SALES,Variable,1.0,GL,false,CWL 0165:5208
OXI,gift-shop,Gift Shop,OPERATING EXPENSES,0165,7380,Miscellaneous,OPEX_RETAIL,OPERATING EXPENSES,Variable,1.0,GL,false,CWL 0165:7380
OXI,gift-shop,Gift Shop,OPERATING EXPENSES,0165,7400,Operating Supplies,OPEX_RETAIL,OPERATING EXPENSES,Variable,1.0,GL,false,CWL 0165:7400
OXI,gift-shop,Gift Shop,OPERATING EXPENSES,0165,7490,Printing and Stationery,OPEX_RETAIL,OPERATING EXPENSES,Variable,1.0,GL,false,CWL 0165:7490
OXI,gift-shop,Gift Shop,OPERATING EXPENSES,0165,7665,Training,OPEX_RETAIL,OPERATING EXPENSES,Variable,1.0,GL,false,CWL 0165:7665
OXI,gift-shop,Gift Shop,OPERATING EXPENSES,0165,7670,Travel—Meals and Entertainment,OPEX_RETAIL,OPERATING EXPENSES,Variable,1.0,GL,false,CWL 0165:7670
OXI,gift-shop,Gift Shop,OPERATING EXPENSES,0165,7675,Travel—Other,OPEX_RETAIL,OPERATING EXPENSES,Variable,1.0,GL,false,CWL 0165:7675
OXI,gift-shop,Gift Shop,OPERATING EXPENSES,0165,7680,Uniform Costs,OPEX_RETAIL,OPERATING EXPENSES,Variable,1.0,GL,false,CWL 0165:7680
OXI,gift-shop,Gift Shop,OPERATING EXPENSES,0165,7685,Uniform Laundry,OPEX_RETAIL,OPERATING EXPENSES,Variable,1.0,GL,false,CWL 0165:7685
OXI,transportation,Transportation,PAYROLL,0152,6000,Salary and Wages,OPEX_TRANSPORTATION,OPERATING EXPENSES,Variable,1.0,GL,false,CWL 0152:6000
OXI,transportation,Transportation,PAYROLL,0152,6001,Overtime,OPEX_TRANSPORTATION,OPERATING EXPENSES,Variable,1.0,GL,false,CWL 0152:6001
OXI,transportation,Transportation,PAYROLL,0152,6002,Day Off,OPEX_TRANSPORTATION,OPERATING EXPENSES,Variable,1.0,GL,false,CWL 0152:6002
OXI,transportation,Transportation,PAYROLL,0152,6003,Working Holiday,OPEX_TRANSPORTATION,OPERATING EXPENSES,Variable,1.0,GL,false,CWL 0152:6003
OXI,transportation,Transportation,PAYROLL,0152,6010,Commissions,OPEX_TRANSPORTATION,OPERATING EXPENSES,Variable,1.0,GL,false,CWL 0152:6010
OXI,transportation,Transportation,PAYROLL,0152,6020,Social Security,OPEX_TRANSPORTATION,OPERATING EXPENSES,Variable,1.0,GL,false,CWL 0152:6020
OXI,transportation,Transportation,PAYROLL,0152,6021,Christmas bonus,OPEX_TRANSPORTATION,OPERATING EXPENSES,Variable,1.0,GL,false,CWL 0152:6021
OXI,transportation,Transportation,PAYROLL,0152,6022,Work Risk Policy,OPEX_TRANSPORTATION,OPERATING EXPENSES,Variable,1.0,GL,false,CWL 0152:6022
OXI,transportation,Transportation,PAYROLL,0152,6023,Vacations Accrual,OPEX_TRANSPORTATION,OPERATING EXPENSES,Variable,1.0,GL,false,CWL 0152:6023
OXI,transportation,Transportation,PAYROLL,0152,6024,Vacations Taken,OPEX_TRANSPORTATION,OPERATING EXPENSES,Variable,1.0,GL,false,CWL 0152:6024
OXI,transportation,Transportation,PAYROLL,0152,6025,Cafeteria,OPEX_TRANSPORTATION,OPERATING EXPENSES,Variable,1.0,GL,false,CWL 0152:6025
OXI,transportation,Transportation,PAYROLL,0152,6026,Notice and Severance Pay,OPEX_TRANSPORTATION,OPERATING EXPENSES,Variable,1.0,GL,false,CWL 0152:6026
OXI,transportation,Transportation,PAYROLL,0152,6027,Incentive Bonus,OPEX_TRANSPORTATION,OPERATING EXPENSES,Variable,1.0,GL,false,CWL 0152:6027
OXI,transportation,Transportation,PAYROLL,0152,6028,Housing,OPEX_TRANSPORTATION,OPERATING EXPENSES,Variable,1.0,GL,false,CWL 0152:6028
OXI,transportation,Transportation,PAYROLL,0152,6029,Employee Transportation,OPEX_TRANSPORTATION,OPERATING EXPENSES,Variable,1.0,GL,false,CWL 0152:6029
OXI,transportation,Transportation,PAYROLL,0152,6030,Employee Benefit Others,OPEX_TRANSPORTATION,OPERATING EXPENSES,Variable,1.0,GL,false,CWL 0152:6030
OXI,transportation,Transportation,COST OF SALES,0152,5350,Complimentary Food  for tour · Tickets for Corcovado Park,COS_TRANSPORTATION,COST OF SALES,Fixed Cost,0.0,GL,false,CWL 0152:5350
OXI,transportation,Transportation,COST OF SALES,0152,5351,Complimentary Food  for tour · Tickets for Corcovado Park,COS_TRANSPORTATION,COST OF SALES,Fixed Cost,0.0,GL,false,CWL 0152:5351
OXI,transportation,Transportation,COST OF SALES,0152,5352,Renting · Transfers Cost,COS_TRANSPORTATION,COST OF SALES,Fixed Cost,0.0,GL,false,CWL 0152:5352
OXI,transportation,Transportation,OPERATING EXPENSES,0152,7380,Miscellaneous,OPEX_TRANSPORTATION,OPERATING EXPENSES,Variable,1.0,GL,false,CWL 0152:7380
OXI,transportation,Transportation,OPERATING EXPENSES,0152,7400,Operating Supplies,OPEX_TRANSPORTATION,OPERATING EXPENSES,Variable,1.0,GL,false,CWL 0152:7400
OXI,transportation,Transportation,OPERATING EXPENSES,0152,7490,Printing and Stationery,OPEX_TRANSPORTATION,OPERATING EXPENSES,Variable,1.0,GL,false,CWL 0152:7490
OXI,transportation,Transportation,OPERATING EXPENSES,0152,7665,Training,OPEX_TRANSPORTATION,OPERATING EXPENSES,Variable,1.0,GL,false,CWL 0152:7665
OXI,transportation,Transportation,OPERATING EXPENSES,0152,7670,Travel—Meals and Entertainment,OPEX_TRANSPORTATION,OPERATING EXPENSES,Variable,1.0,GL,false,CWL 0152:7670
OXI,transportation,Transportation,OPERATING EXPENSES,0152,7675,Travel—Other,OPEX_TRANSPORTATION,OPERATING EXPENSES,Variable,1.0,GL,false,CWL 0152:7675
OXI,transportation,Transportation,OPERATING EXPENSES,0152,7680,Uniform Costs,OPEX_TRANSPORTATION,OPERATING EXPENSES,Variable,1.0,GL,false,CWL 0152:7680
OXI,transportation,Transportation,OPERATING EXPENSES,0152,7685,Uniform Laundry,OPEX_TRANSPORTATION,OPERATING EXPENSES,Variable,1.0,GL,false,CWL 0152:7685
OXI,innoceana,Innoceana,PAYROLL,0155,6000,Salary and Wages,OPEX_INNOCEANA,OPERATING EXPENSES,Variable,1.0,GL,false,CWL 0155:6000
OXI,innoceana,Innoceana,PAYROLL,0155,6001,Overtime,OPEX_INNOCEANA,OPERATING EXPENSES,Variable,1.0,GL,false,CWL 0155:6001
OXI,innoceana,Innoceana,PAYROLL,0155,6002,Day Off,OPEX_INNOCEANA,OPERATING EXPENSES,Variable,1.0,GL,false,CWL 0155:6002
OXI,innoceana,Innoceana,PAYROLL,0155,6003,Working Holiday,OPEX_INNOCEANA,OPERATING EXPENSES,Variable,1.0,GL,false,CWL 0155:6003
OXI,innoceana,Innoceana,PAYROLL,0155,6010,Commissions,OPEX_INNOCEANA,OPERATING EXPENSES,Variable,1.0,GL,false,CWL 0155:6010
OXI,innoceana,Innoceana,PAYROLL,0155,6020,Social Security,OPEX_INNOCEANA,OPERATING EXPENSES,Variable,1.0,GL,false,CWL 0155:6020
OXI,innoceana,Innoceana,PAYROLL,0155,6021,Christmas bonus,OPEX_INNOCEANA,OPERATING EXPENSES,Variable,1.0,GL,false,CWL 0155:6021
OXI,innoceana,Innoceana,PAYROLL,0155,6022,Work Risk Policy,OPEX_INNOCEANA,OPERATING EXPENSES,Variable,1.0,GL,false,CWL 0155:6022
OXI,innoceana,Innoceana,PAYROLL,0155,6023,Vacations Accrual,OPEX_INNOCEANA,OPERATING EXPENSES,Variable,1.0,GL,false,CWL 0155:6023
OXI,innoceana,Innoceana,PAYROLL,0155,6024,Vacations Taken,OPEX_INNOCEANA,OPERATING EXPENSES,Variable,1.0,GL,false,CWL 0155:6024
OXI,innoceana,Innoceana,PAYROLL,0155,6025,Cafeteria,OPEX_INNOCEANA,OPERATING EXPENSES,Variable,1.0,GL,false,CWL 0155:6025
OXI,innoceana,Innoceana,PAYROLL,0155,6026,Notice and Severance Pay,OPEX_INNOCEANA,OPERATING EXPENSES,Variable,1.0,GL,false,CWL 0155:6026
OXI,innoceana,Innoceana,PAYROLL,0155,6027,Incentive Bonus,OPEX_INNOCEANA,OPERATING EXPENSES,Variable,1.0,GL,false,CWL 0155:6027
OXI,innoceana,Innoceana,PAYROLL,0155,6028,Housing,OPEX_INNOCEANA,OPERATING EXPENSES,Variable,1.0,GL,false,CWL 0155:6028
OXI,innoceana,Innoceana,PAYROLL,0155,6029,Employee Transportation,OPEX_INNOCEANA,OPERATING EXPENSES,Variable,1.0,GL,false,CWL 0155:6029
OXI,innoceana,Innoceana,PAYROLL,0155,6030,Employee Benefit Others,OPEX_INNOCEANA,OPERATING EXPENSES,Variable,1.0,GL,false,CWL 0155:6030
OXI,innoceana,Innoceana,COST OF SALES,0155,5500,Costos 1,COS_INNOCEANA,COST OF SALES,Variable,1.0,GL,false,ANALOGIA CWL innoceana OTRO (8/9)
OXI,innoceana,Innoceana,COST OF SALES,0155,5501,Costos 2,COS_INNOCEANA,COST OF SALES,Variable,1.0,GL,false,ANALOGIA CWL innoceana OTRO (8/9)
OXI,innoceana,Innoceana,OPERATING EXPENSES,0155,7380,Miscellaneous,OPEX_INNOCEANA,OPERATING EXPENSES,Variable,1.0,GL,false,CWL 0155:7380
OXI,innoceana,Innoceana,OPERATING EXPENSES,0155,7400,Operating Supplies,OPEX_INNOCEANA,OPERATING EXPENSES,Variable,1.0,GL,false,CWL 0155:7400
OXI,innoceana,Innoceana,OPERATING EXPENSES,0155,7490,Printing and Stationery,OPEX_INNOCEANA,OPERATING EXPENSES,Variable,1.0,GL,false,CWL 0155:7490
OXI,innoceana,Innoceana,OPERATING EXPENSES,0155,7665,Training,OPEX_INNOCEANA,OPERATING EXPENSES,Variable,1.0,GL,false,CWL 0155:7665
OXI,innoceana,Innoceana,OPERATING EXPENSES,0155,7670,Travel—Meals and Entertainment,OPEX_INNOCEANA,OPERATING EXPENSES,Variable,1.0,GL,false,CWL 0155:7670
OXI,innoceana,Innoceana,OPERATING EXPENSES,0155,7675,Travel—Other,OPEX_INNOCEANA,OPERATING EXPENSES,Variable,1.0,GL,false,CWL 0155:7675
OXI,innoceana,Innoceana,OPERATING EXPENSES,0155,7680,Uniform Costs,OPEX_INNOCEANA,OPERATING EXPENSES,Variable,1.0,GL,false,CWL 0155:7680
OXI,innoceana,Innoceana,OPERATING EXPENSES,0155,7685,Uniform Laundry,OPEX_INNOCEANA,OPERATING EXPENSES,Variable,1.0,GL,false,CWL 0155:7685
OXI,innoceana,Innoceana,OPERATING EXPENSES,0155,7105,Contract Services,OPEX_INNOCEANA,OPERATING EXPENSES,Fixed Cost,0.0,GL,false,CWL 0155:7105
OXI,crowther-lab,Crowther Lab,PAYROLL,0156,6000,Salary and Wages,OPEX_CROWTHER_LAB,OPERATING EXPENSES,Variable,1.0,GL,false,ANALOGIA CWL innoceana:6000
OXI,crowther-lab,Crowther Lab,PAYROLL,0156,6001,Overtime,OPEX_CROWTHER_LAB,OPERATING EXPENSES,Variable,1.0,GL,false,ANALOGIA CWL innoceana:6001
OXI,crowther-lab,Crowther Lab,PAYROLL,0156,6002,Day Off,OPEX_CROWTHER_LAB,OPERATING EXPENSES,Variable,1.0,GL,false,ANALOGIA CWL innoceana:6002
OXI,crowther-lab,Crowther Lab,PAYROLL,0156,6003,Working Holiday,OPEX_CROWTHER_LAB,OPERATING EXPENSES,Variable,1.0,GL,false,ANALOGIA CWL innoceana:6003
OXI,crowther-lab,Crowther Lab,PAYROLL,0156,6010,Commissions,OPEX_CROWTHER_LAB,OPERATING EXPENSES,Variable,1.0,GL,false,ANALOGIA CWL innoceana:6010
OXI,crowther-lab,Crowther Lab,PAYROLL,0156,6020,Social Security,OPEX_CROWTHER_LAB,OPERATING EXPENSES,Variable,1.0,GL,false,ANALOGIA CWL innoceana:6020
OXI,crowther-lab,Crowther Lab,PAYROLL,0156,6021,Christmas bonus,OPEX_CROWTHER_LAB,OPERATING EXPENSES,Variable,1.0,GL,false,ANALOGIA CWL innoceana:6021
OXI,crowther-lab,Crowther Lab,PAYROLL,0156,6022,Work Risk Policy,OPEX_CROWTHER_LAB,OPERATING EXPENSES,Variable,1.0,GL,false,ANALOGIA CWL innoceana:6022
OXI,crowther-lab,Crowther Lab,PAYROLL,0156,6023,Vacations Accrual,OPEX_CROWTHER_LAB,OPERATING EXPENSES,Variable,1.0,GL,false,ANALOGIA CWL innoceana:6023
OXI,crowther-lab,Crowther Lab,PAYROLL,0156,6024,Vacations Taken,OPEX_CROWTHER_LAB,OPERATING EXPENSES,Variable,1.0,GL,false,ANALOGIA CWL innoceana:6024
OXI,crowther-lab,Crowther Lab,PAYROLL,0156,6025,Cafeteria,OPEX_CROWTHER_LAB,OPERATING EXPENSES,Variable,1.0,GL,false,ANALOGIA CWL innoceana:6025
OXI,crowther-lab,Crowther Lab,PAYROLL,0156,6026,Notice and Severance Pay,OPEX_CROWTHER_LAB,OPERATING EXPENSES,Variable,1.0,GL,false,ANALOGIA CWL innoceana:6026
OXI,crowther-lab,Crowther Lab,PAYROLL,0156,6027,Incentive Bonus,OPEX_CROWTHER_LAB,OPERATING EXPENSES,Variable,1.0,GL,false,ANALOGIA CWL innoceana:6027
OXI,crowther-lab,Crowther Lab,PAYROLL,0156,6028,Housing,OPEX_CROWTHER_LAB,OPERATING EXPENSES,Variable,1.0,GL,false,ANALOGIA CWL innoceana:6028
OXI,crowther-lab,Crowther Lab,PAYROLL,0156,6029,Employee Transportation,OPEX_CROWTHER_LAB,OPERATING EXPENSES,Variable,1.0,GL,false,ANALOGIA CWL innoceana:6029
OXI,crowther-lab,Crowther Lab,PAYROLL,0156,6030,Employee Benefit Others,OPEX_CROWTHER_LAB,OPERATING EXPENSES,Variable,1.0,GL,false,ANALOGIA CWL innoceana:6030
OXI,crowther-lab,Crowther Lab,COST OF SALES,0156,5600,Costos 1,COS_CROWTHER_LAB,COST OF SALES,Variable,1.0,GL,false,ANALOGIA CWL innoceana OTRO (8/9)
OXI,crowther-lab,Crowther Lab,COST OF SALES,0156,5601,Costos 2,COS_CROWTHER_LAB,COST OF SALES,Variable,1.0,GL,false,ANALOGIA CWL innoceana OTRO (8/9)
OXI,crowther-lab,Crowther Lab,OPERATING EXPENSES,0156,7380,Miscellaneous,OPEX_CROWTHER_LAB,OPERATING EXPENSES,Variable,1.0,GL,false,ANALOGIA CWL innoceana:7380
OXI,crowther-lab,Crowther Lab,OPERATING EXPENSES,0156,7400,Operating Supplies,OPEX_CROWTHER_LAB,OPERATING EXPENSES,Variable,1.0,GL,false,ANALOGIA CWL innoceana:7400
OXI,crowther-lab,Crowther Lab,OPERATING EXPENSES,0156,7490,Printing and Stationery,OPEX_CROWTHER_LAB,OPERATING EXPENSES,Variable,1.0,GL,false,ANALOGIA CWL innoceana:7490
OXI,crowther-lab,Crowther Lab,OPERATING EXPENSES,0156,7665,Training,OPEX_CROWTHER_LAB,OPERATING EXPENSES,Variable,1.0,GL,false,ANALOGIA CWL innoceana:7665
OXI,crowther-lab,Crowther Lab,OPERATING EXPENSES,0156,7670,Travel—Meals and Entertainment,OPEX_CROWTHER_LAB,OPERATING EXPENSES,Variable,1.0,GL,false,ANALOGIA CWL innoceana:7670
OXI,crowther-lab,Crowther Lab,OPERATING EXPENSES,0156,7675,Travel—Other,OPEX_CROWTHER_LAB,OPERATING EXPENSES,Variable,1.0,GL,false,ANALOGIA CWL innoceana:7675
OXI,crowther-lab,Crowther Lab,OPERATING EXPENSES,0156,7680,Uniform Costs,OPEX_CROWTHER_LAB,OPERATING EXPENSES,Variable,1.0,GL,false,ANALOGIA CWL innoceana:7680
OXI,crowther-lab,Crowther Lab,OPERATING EXPENSES,0156,7685,Uniform Laundry,OPEX_CROWTHER_LAB,OPERATING EXPENSES,Variable,1.0,GL,false,ANALOGIA CWL innoceana:7685
OXI,laundry,Laundry,COST OF SALES,0162,5603,Laundry Cost,COS_LAUNDRY,COST OF SALES,Variable,1.0,GL,false,CWL 0162:5603
OXI,claro-huerta,Claro del Bosque (Huerta),COST OF SALES,0205,5360,Cost Senda 1Costos La Senda,COH_CLARO_HUERTA,OVERHEAD COST OF SALES,Fixed Cost,0.0,GL,false,ANALOGIA CWL ag OTRO (35/35)
OXI,claro-huerta,Claro del Bosque (Huerta),COST OF SALES,0205,5361,Cost Senda 2Costos La Senda,COH_CLARO_HUERTA,OVERHEAD COST OF SALES,Fixed Cost,0.0,GL,false,ANALOGIA CWL ag OTRO (35/35)
OXI,claro-huerta,Claro del Bosque (Huerta),COST OF SALES,0205,5362,Cost Senda 3Costos La Senda,COH_CLARO_HUERTA,OVERHEAD COST OF SALES,Fixed Cost,0.0,GL,false,ANALOGIA CWL ag OTRO (35/35)
OXI,claro-huerta,Claro del Bosque (Huerta),COST OF SALES,0205,5363,Cost Senda 4Costos La Senda,COH_CLARO_HUERTA,OVERHEAD COST OF SALES,Fixed Cost,0.0,GL,false,ANALOGIA CWL ag OTRO (35/35)
OXI,claro-huerta,Claro del Bosque (Huerta),PAYROLL,0205,6000,Salary and Wages,OH_CLARO_HUERTA,OVERHEAD EXPENSES,Fixed Cost,0.0,GL,false,ANALOGIA CWL ag:6000
OXI,claro-huerta,Claro del Bosque (Huerta),PAYROLL,0205,6001,Overtime,OH_CLARO_HUERTA,OVERHEAD EXPENSES,Fixed Cost,0.0,GL,false,ANALOGIA CWL ag:6001
OXI,claro-huerta,Claro del Bosque (Huerta),PAYROLL,0205,6002,Day Off,OH_CLARO_HUERTA,OVERHEAD EXPENSES,Fixed Cost,0.0,GL,false,ANALOGIA CWL ag:6002
OXI,claro-huerta,Claro del Bosque (Huerta),PAYROLL,0205,6003,Working Holiday,OH_CLARO_HUERTA,OVERHEAD EXPENSES,Fixed Cost,0.0,GL,false,ANALOGIA CWL ag:6003
OXI,claro-huerta,Claro del Bosque (Huerta),PAYROLL,0205,6010,Commissions,OH_CLARO_HUERTA,OVERHEAD EXPENSES,Fixed Cost,0.0,GL,false,ANALOGIA CWL ag:6010
OXI,claro-huerta,Claro del Bosque (Huerta),PAYROLL,0205,6020,Social Security,OH_CLARO_HUERTA,OVERHEAD EXPENSES,Fixed Cost,0.0,GL,false,ANALOGIA CWL ag:6020
OXI,claro-huerta,Claro del Bosque (Huerta),PAYROLL,0205,6021,Christmas bonus,OH_CLARO_HUERTA,OVERHEAD EXPENSES,Fixed Cost,0.0,GL,false,ANALOGIA CWL ag:6021
OXI,claro-huerta,Claro del Bosque (Huerta),PAYROLL,0205,6022,Work Risk Policy,OH_CLARO_HUERTA,OVERHEAD EXPENSES,Fixed Cost,0.0,GL,false,ANALOGIA CWL ag:6022
OXI,claro-huerta,Claro del Bosque (Huerta),PAYROLL,0205,6023,Vacations Accrual,OH_CLARO_HUERTA,OVERHEAD EXPENSES,Fixed Cost,0.0,GL,false,ANALOGIA CWL ag:6023
OXI,claro-huerta,Claro del Bosque (Huerta),PAYROLL,0205,6024,Vacations Taken,OH_CLARO_HUERTA,OVERHEAD EXPENSES,Fixed Cost,0.0,GL,false,ANALOGIA CWL ag:6024
OXI,claro-huerta,Claro del Bosque (Huerta),PAYROLL,0205,6025,Cafeteria,OH_CLARO_HUERTA,OVERHEAD EXPENSES,Fixed Cost,0.0,GL,false,ANALOGIA CWL ag:6025
OXI,claro-huerta,Claro del Bosque (Huerta),PAYROLL,0205,6026,Notice and Severance Pay,OH_CLARO_HUERTA,OVERHEAD EXPENSES,Fixed Cost,0.0,GL,false,ANALOGIA CWL ag:6026
OXI,claro-huerta,Claro del Bosque (Huerta),PAYROLL,0205,6027,Incentive Bonus,OH_CLARO_HUERTA,OVERHEAD EXPENSES,Fixed Cost,0.0,GL,false,ANALOGIA CWL ag:6027
OXI,claro-huerta,Claro del Bosque (Huerta),PAYROLL,0205,6028,Housing,OH_CLARO_HUERTA,OVERHEAD EXPENSES,Fixed Cost,0.0,GL,false,ANALOGIA CWL ag:6028
OXI,claro-huerta,Claro del Bosque (Huerta),PAYROLL,0205,6029,Employee Transportation,OH_CLARO_HUERTA,OVERHEAD EXPENSES,Fixed Cost,0.0,GL,false,ANALOGIA CWL ag:6029
OXI,claro-huerta,Claro del Bosque (Huerta),PAYROLL,0205,6030,Employee Benefit Others,OH_CLARO_HUERTA,OVERHEAD EXPENSES,Fixed Cost,0.0,GL,false,ANALOGIA CWL ag:6030
OXI,claro-huerta,Claro del Bosque (Huerta),OPERATING EXPENSES,0205,7380,Miscellaneous,OH_CLARO_HUERTA,OVERHEAD EXPENSES,Fixed Cost,0.0,GL,false,ANALOGIA CWL ag:7380
OXI,claro-huerta,Claro del Bosque (Huerta),OPERATING EXPENSES,0205,7400,Operating Supplies,OH_CLARO_HUERTA,OVERHEAD EXPENSES,Fixed Cost,0.0,GL,false,ANALOGIA CWL ag:7400
OXI,claro-huerta,Claro del Bosque (Huerta),OPERATING EXPENSES,0205,7490,Printing and Stationery,OH_CLARO_HUERTA,OVERHEAD EXPENSES,Fixed Cost,0.0,GL,false,ANALOGIA CWL ag OTRO (35/35)
OXI,claro-huerta,Claro del Bosque (Huerta),OPERATING EXPENSES,0205,7665,Training,OH_CLARO_HUERTA,OVERHEAD EXPENSES,Fixed Cost,0.0,GL,false,ANALOGIA CWL ag:7665
OXI,claro-huerta,Claro del Bosque (Huerta),OPERATING EXPENSES,0205,7670,Travel—Meals and Entertainment,OH_CLARO_HUERTA,OVERHEAD EXPENSES,Fixed Cost,0.0,GL,false,ANALOGIA CWL ag:7670
OXI,claro-huerta,Claro del Bosque (Huerta),OPERATING EXPENSES,0205,7675,Travel—Other,OH_CLARO_HUERTA,OVERHEAD EXPENSES,Fixed Cost,0.0,GL,false,ANALOGIA CWL ag:7675
OXI,claro-huerta,Claro del Bosque (Huerta),OPERATING EXPENSES,0205,7680,Uniform Costs,OH_CLARO_HUERTA,OVERHEAD EXPENSES,Fixed Cost,0.0,GL,false,ANALOGIA CWL ag:7680
OXI,claro-huerta,Claro del Bosque (Huerta),OPERATING EXPENSES,0205,7685,Uniform Laundry,OH_CLARO_HUERTA,OVERHEAD EXPENSES,Fixed Cost,0.0,GL,false,ANALOGIA CWL ag:7685
OXI,ag,A&G,PAYROLL,0180,6000,Salary and Wages,OH_ADMIN,OVERHEAD EXPENSES,Fixed Cost,0.0,GL,false,CWL 0180:6000
OXI,ag,A&G,PAYROLL,0180,6001,Overtime,OH_ADMIN,OVERHEAD EXPENSES,Fixed Cost,0.0,GL,false,CWL 0180:6001
OXI,ag,A&G,PAYROLL,0180,6002,Day Off,OH_ADMIN,OVERHEAD EXPENSES,Fixed Cost,0.0,GL,false,CWL 0180:6002
OXI,ag,A&G,PAYROLL,0180,6003,Working Holiday,OH_ADMIN,OVERHEAD EXPENSES,Fixed Cost,0.0,GL,false,CWL 0180:6003
OXI,ag,A&G,PAYROLL,0180,6010,Commissions,OH_ADMIN,OVERHEAD EXPENSES,Fixed Cost,0.0,GL,false,CWL 0180:6010
OXI,ag,A&G,PAYROLL,0180,6020,Social Security,OH_ADMIN,OVERHEAD EXPENSES,Fixed Cost,0.0,GL,false,CWL 0180:6020
OXI,ag,A&G,PAYROLL,0180,6021,Christmas bonus,OH_ADMIN,OVERHEAD EXPENSES,Fixed Cost,0.0,GL,false,CWL 0180:6021
OXI,ag,A&G,PAYROLL,0180,6022,Work Risk Policy,OH_ADMIN,OVERHEAD EXPENSES,Fixed Cost,0.0,GL,false,CWL 0180:6022
OXI,ag,A&G,PAYROLL,0180,6023,Vacations Accrual,OH_ADMIN,OVERHEAD EXPENSES,Fixed Cost,0.0,GL,false,CWL 0180:6023
OXI,ag,A&G,PAYROLL,0180,6024,Vacations Taken,OH_ADMIN,OVERHEAD EXPENSES,Fixed Cost,0.0,GL,false,CWL 0180:6024
OXI,ag,A&G,PAYROLL,0180,6025,Cafeteria,OH_ADMIN,OVERHEAD EXPENSES,Fixed Cost,0.0,GL,false,CWL 0180:6025
OXI,ag,A&G,PAYROLL,0180,6026,Notice and Severance Pay,OH_ADMIN,OVERHEAD EXPENSES,Fixed Cost,0.0,GL,false,CWL 0180:6026
OXI,ag,A&G,PAYROLL,0180,6027,Incentive Bonus,OH_ADMIN,OVERHEAD EXPENSES,Fixed Cost,0.0,GL,false,CWL 0180:6027
OXI,ag,A&G,PAYROLL,0180,6028,Housing,OH_ADMIN,OVERHEAD EXPENSES,Fixed Cost,0.0,GL,false,CWL 0181:6028
OXI,ag,A&G,PAYROLL,0180,6029,Employee Transportation,OH_ADMIN,OVERHEAD EXPENSES,Fixed Cost,0.0,GL,false,CWL 0180:6029
OXI,ag,A&G,PAYROLL,0180,6030,Employee Benefit Others,OH_ADMIN,OVERHEAD EXPENSES,Fixed Cost,0.0,GL,false,CWL 0180:6030
OXI,ag,A&G,OPERATING EXPENSES,0180,7015,Audit Charges,OH_ADMIN,OVERHEAD EXPENSES,Fixed Cost,0.0,GL,false,CWL 0180:7015
OXI,ag,A&G,OPERATING EXPENSES,0180,7020,Bank Charges,OH_ADMIN,OVERHEAD EXPENSES,Fixed Cost,0.0,GL,false,CWL 0180:7020
OXI,ag,A&G,OPERATING EXPENSES,0180,7045,Cash Overages and Shortages,OH_ADMIN,OVERHEAD EXPENSES,Fixed Cost,0.0,GL,false,CWL 0180:7045
OXI,ag,A&G,OPERATING EXPENSES,0180,7050,Centralized Accounting Charges,OH_ADMIN,OVERHEAD EXPENSES,Fixed Cost,0.0,GL,false,CWL 0180:7050
OXI,ag,A&G,OPERATING EXPENSES,0180,7070,Cluster Services,OH_ADMIN,OVERHEAD EXPENSES,Fixed Cost,0.0,GL,false,CWL 0180:7070
OXI,ag,A&G,OPERATING EXPENSES,0180,7100,Complimentary Services and Gifts,OH_ADMIN,OVERHEAD EXPENSES,Fixed Cost,0.0,GL,false,CWL 0180:7100
OXI,ag,A&G,OPERATING EXPENSES,0180,7105,Contract Services,OH_ADMIN,OVERHEAD EXPENSES,Fixed Cost,0.0,GL,false,CWL 0180:7105
OXI,ag,A&G,OPERATING EXPENSES,0180,7110,Corporate Office Reimbursables,OH_ADMIN,OVERHEAD EXPENSES,Fixed Cost,0.0,GL,false,CWL 0180:7110
OXI,ag,A&G,OPERATING EXPENSES,0180,7115,Credit and Collection,OH_ADMIN,OVERHEAD EXPENSES,Fixed Cost,0.0,GL,false,CWL 0180:7115
OXI,ag,A&G,OPERATING EXPENSES,0180,7120,Credit Card Commissions,OH_ADMIN,OVERHEAD EXPENSES,Fixed Cost,0.0,GL,false,CWL 0180:7120
OXI,ag,A&G,OPERATING EXPENSES,0180,7125,Decorations,OH_ADMIN,OVERHEAD EXPENSES,Fixed Cost,0.0,GL,false,CWL 0180:7125
OXI,ag,A&G,OPERATING EXPENSES,0180,7145,Donations,OH_ADMIN,OVERHEAD EXPENSES,Fixed Cost,0.0,GL,false,CWL 0180:7145
OXI,ag,A&G,OPERATING EXPENSES,0180,7150,Dues and Subscriptions,OH_ADMIN,OVERHEAD EXPENSES,Fixed Cost,0.0,GL,false,CWL 0180:7150
OXI,ag,A&G,OPERATING EXPENSES,0180,7175,Entertainment—In-House,OH_ADMIN,OVERHEAD EXPENSES,Fixed Cost,0.0,GL,false,CWL 0180:7175
OXI,ag,A&G,OPERATING EXPENSES,0180,7185,Equipment Rental,OH_ADMIN,OVERHEAD EXPENSES,Fixed Cost,0.0,GL,false,CWL 0180:7185
OXI,ag,A&G,OPERATING EXPENSES,0180,7225,Gains (Losses),OH_ADMIN,OVERHEAD EXPENSES,Fixed Cost,0.0,GL,false,CWL 0180:7225
OXI,ag,A&G,OPERATING EXPENSES,0180,7270,Human Resources,OH_ADMIN,OVERHEAD EXPENSES,Fixed Cost,0.0,GL,false,CWL 0180:7270
OXI,ag,A&G,OPERATING EXPENSES,0180,7325,Legal Services,OH_ADMIN,OVERHEAD EXPENSES,Fixed Cost,0.0,GL,false,CWL 0180:7325
OXI,ag,A&G,OPERATING EXPENSES,0180,7335,Licenses and Permits,OH_ADMIN,OVERHEAD EXPENSES,Fixed Cost,0.0,GL,false,CWL 0180:7335
OXI,ag,A&G,OPERATING EXPENSES,0180,7355,Loss and Damage,OH_ADMIN,OVERHEAD EXPENSES,Fixed Cost,0.0,GL,false,CWL 0180:7355
OXI,ag,A&G,OPERATING EXPENSES,0180,7380,Miscellaneous,OH_ADMIN,OVERHEAD EXPENSES,Fixed Cost,0.0,GL,false,CWL 0180:7380
OXI,ag,A&G,OPERATING EXPENSES,0180,7390,Non-Guest-Related Foreign Currency Exchange,OH_ADMIN,OVERHEAD EXPENSES,Fixed Cost,0.0,GL,false,CWL 0180:7390
OXI,ag,A&G,OPERATING EXPENSES,0180,7400,Operating Supplies,OH_ADMIN,OVERHEAD EXPENSES,Fixed Cost,0.0,GL,false,CWL 0180:7400
OXI,ag,A&G,OPERATING EXPENSES,0180,7465,PAYROLLl Processing,OH_ADMIN,OVERHEAD EXPENSES,Fixed Cost,0.0,GL,false,CWL 0180:7465
OXI,ag,A&G,OPERATING EXPENSES,0180,7485,Postage and Overnight Delivery Charges,OH_ADMIN,OVERHEAD EXPENSES,Fixed Cost,0.0,GL,false,CWL 0180:7485
OXI,ag,A&G,OPERATING EXPENSES,0180,7495,Professional Fees,OH_ADMIN,OVERHEAD EXPENSES,Fixed Cost,0.0,GL,false,CWL 0180:7495
OXI,ag,A&G,OPERATING EXPENSES,0180,7510,Provision for Doubtful Accounts,OH_ADMIN,OVERHEAD EXPENSES,Fixed Cost,0.0,GL,false,CWL 0180:7510
OXI,ag,A&G,OPERATING EXPENSES,0180,7535,Security,OH_ADMIN,OVERHEAD EXPENSES,Fixed Cost,0.0,GL,false,CWL 0180:7535
OXI,ag,A&G,OPERATING EXPENSES,0180,7540,Settlement Costs,OH_ADMIN,OVERHEAD EXPENSES,Fixed Cost,0.0,GL,false,CWL 0180:7540
OXI,ag,A&G,OPERATING EXPENSES,0180,7545,Staff Transportation,OH_ADMIN,OVERHEAD EXPENSES,Fixed Cost,0.0,GL,false,CWL 0180:7545
OXI,ag,A&G,OPERATING EXPENSES,0180,7665,Training,OH_ADMIN,OVERHEAD EXPENSES,Fixed Cost,0.0,GL,false,CWL 0180:7665
OXI,ag,A&G,OPERATING EXPENSES,0180,7670,Travel—Meals and Entertainment,OH_ADMIN,OVERHEAD EXPENSES,Fixed Cost,0.0,GL,false,CWL 0180:7670
OXI,ag,A&G,OPERATING EXPENSES,0180,7675,Travel—Other,OH_ADMIN,OVERHEAD EXPENSES,Fixed Cost,0.0,GL,false,CWL 0180:7675
OXI,ag,A&G,OPERATING EXPENSES,0180,7680,Uniform Costs,OH_ADMIN,OVERHEAD EXPENSES,Fixed Cost,0.0,GL,false,CWL 0180:7680
OXI,ag,A&G,OPERATING EXPENSES,0180,7685,Uniform Laundry,OH_ADMIN,OVERHEAD EXPENSES,Fixed Cost,0.0,GL,false,CWL 0180:7685
OXI,sales-marketing,Sales & Marketing,PAYROLL,0190,6000,Salary and Wages,OH_SALES_MARKETING,OVERHEAD EXPENSES,Fixed Cost,0.0,GL,false,CWL 0190:6000
OXI,sales-marketing,Sales & Marketing,PAYROLL,0190,6001,Overtime,OH_SALES_MARKETING,OVERHEAD EXPENSES,Fixed Cost,0.0,GL,false,CWL 0190:6001
OXI,sales-marketing,Sales & Marketing,PAYROLL,0190,6002,Day Off,OH_SALES_MARKETING,OVERHEAD EXPENSES,Fixed Cost,0.0,GL,false,CWL 0190:6002
OXI,sales-marketing,Sales & Marketing,PAYROLL,0190,6003,Working Holiday,OH_SALES_MARKETING,OVERHEAD EXPENSES,Fixed Cost,0.0,GL,false,CWL 0190:6003
OXI,sales-marketing,Sales & Marketing,PAYROLL,0190,6010,Commissions,OH_SALES_MARKETING,OVERHEAD EXPENSES,Fixed Cost,0.0,GL,false,CWL 0190:6010
OXI,sales-marketing,Sales & Marketing,PAYROLL,0190,6020,Social Security,OH_SALES_MARKETING,OVERHEAD EXPENSES,Fixed Cost,0.0,GL,false,CWL 0190:6020
OXI,sales-marketing,Sales & Marketing,PAYROLL,0190,6021,Christmas bonus,OH_SALES_MARKETING,OVERHEAD EXPENSES,Fixed Cost,0.0,GL,false,CWL 0190:6021
OXI,sales-marketing,Sales & Marketing,PAYROLL,0190,6022,Work Risk Policy,OH_SALES_MARKETING,OVERHEAD EXPENSES,Fixed Cost,0.0,GL,false,CWL 0190:6022
OXI,sales-marketing,Sales & Marketing,PAYROLL,0190,6023,Vacations Accrual,OH_SALES_MARKETING,OVERHEAD EXPENSES,Fixed Cost,0.0,GL,false,CWL 0190:6023
OXI,sales-marketing,Sales & Marketing,PAYROLL,0190,6024,Vacations Taken,OH_SALES_MARKETING,OVERHEAD EXPENSES,Fixed Cost,0.0,GL,false,CWL 0190:6024
OXI,sales-marketing,Sales & Marketing,PAYROLL,0190,6025,Cafeteria,OH_SALES_MARKETING,OVERHEAD EXPENSES,Fixed Cost,0.0,GL,false,CWL 0190:6025
OXI,sales-marketing,Sales & Marketing,PAYROLL,0190,6026,Notice and Severance Pay,OH_SALES_MARKETING,OVERHEAD EXPENSES,Fixed Cost,0.0,GL,false,CWL 0190:6026
OXI,sales-marketing,Sales & Marketing,PAYROLL,0190,6027,Incentive Bonus,OH_SALES_MARKETING,OVERHEAD EXPENSES,Fixed Cost,0.0,GL,false,CWL 0190:6027
OXI,sales-marketing,Sales & Marketing,PAYROLL,0190,6028,Housing,OH_SALES_MARKETING,OVERHEAD EXPENSES,Fixed Cost,0.0,GL,false,CWL 0190:6028
OXI,sales-marketing,Sales & Marketing,PAYROLL,0190,6029,Employee Transportation,OH_SALES_MARKETING,OVERHEAD EXPENSES,Fixed Cost,0.0,GL,false,CWL 0190:6029
OXI,sales-marketing,Sales & Marketing,PAYROLL,0190,6030,Employee Benefit Others,OH_SALES_MARKETING,OVERHEAD EXPENSES,Fixed Cost,0.0,GL,false,CWL 0190:6030
OXI,sales-marketing,Sales & Marketing,OPERATING EXPENSES,0190,7000,Agency Fees,OH_SALES_MARKETING,OVERHEAD EXPENSES,Fixed Cost,0.0,GL,false,CWL 0190:7000
OXI,sales-marketing,Sales & Marketing,OPERATING EXPENSES,0190,7070,Cluster Services,OH_SALES_MARKETING,OVERHEAD EXPENSES,Fixed Cost,0.0,GL,false,CWL 0190:7070
OXI,sales-marketing,Sales & Marketing,OPERATING EXPENSES,0190,7075,Collateral Material,OH_SALES_MARKETING,OVERHEAD EXPENSES,Fixed Cost,0.0,GL,false,CWL 0190:7075
OXI,sales-marketing,Sales & Marketing,OPERATING EXPENSES,0190,7100,Complimentary Services and Gifts,OH_SALES_MARKETING,OVERHEAD EXPENSES,Fixed Cost,0.0,GL,false,CWL 0190:7100
OXI,sales-marketing,Sales & Marketing,OPERATING EXPENSES,0190,7105,Contract Services,OH_SALES_MARKETING,OVERHEAD EXPENSES,Fixed Cost,0.0,GL,false,CWL 0190:7105
OXI,sales-marketing,Sales & Marketing,OPERATING EXPENSES,0190,7110,Corporate Office Reimbursables,OH_SALES_MARKETING,OVERHEAD EXPENSES,Fixed Cost,0.0,GL,false,CWL 0190:7110
OXI,sales-marketing,Sales & Marketing,OPERATING EXPENSES,0190,7125,Decorations,OH_SALES_MARKETING,OVERHEAD EXPENSES,Fixed Cost,0.0,GL,false,CWL 0190:7125
OXI,sales-marketing,Sales & Marketing,OPERATING EXPENSES,0190,7135,Direct Mail,OH_SALES_MARKETING,OVERHEAD EXPENSES,Fixed Cost,0.0,GL,false,CWL 0190:7135
OXI,sales-marketing,Sales & Marketing,OPERATING EXPENSES,0190,7150,Dues and Subscriptions,OH_SALES_MARKETING,OVERHEAD EXPENSES,Fixed Cost,0.0,GL,false,CWL 0190:7150
OXI,sales-marketing,Sales & Marketing,OPERATING EXPENSES,0190,7175,Entertainment—In-House,OH_SALES_MARKETING,OVERHEAD EXPENSES,Fixed Cost,0.0,GL,false,CWL 0190:7175
OXI,sales-marketing,Sales & Marketing,OPERATING EXPENSES,0190,7185,Equipment Rental,OH_SALES_MARKETING,OVERHEAD EXPENSES,Fixed Cost,0.0,GL,false,CWL 0190:7185
OXI,sales-marketing,Sales & Marketing,OPERATING EXPENSES,0190,7190,Familiarization Trips,OH_SALES_MARKETING,OVERHEAD EXPENSES,Fixed Cost,0.0,GL,false,CWL 0190:7190
OXI,sales-marketing,Sales & Marketing,OPERATING EXPENSES,0190,7205,Franchise and Affiliation Fees—Royalties,OH_SALES_MARKETING,OVERHEAD EXPENSES,Fixed Cost,0.0,GL,false,CWL 0190:7205
OXI,sales-marketing,Sales & Marketing,OPERATING EXPENSES,0190,7210,Franchise and Affiliation Marketing,OH_SALES_MARKETING,OVERHEAD EXPENSES,Fixed Cost,0.0,GL,false,CWL 0190:7210
OXI,sales-marketing,Sales & Marketing,OPERATING EXPENSES,0190,7280,In-House Graphics,OH_SALES_MARKETING,OVERHEAD EXPENSES,Fixed Cost,0.0,GL,false,CWL 0190:7280
OXI,sales-marketing,Sales & Marketing,OPERATING EXPENSES,0190,7360,Loyalty Programs,OH_SALES_MARKETING,OVERHEAD EXPENSES,Fixed Cost,0.0,GL,false,CWL 0190:7360
OXI,sales-marketing,Sales & Marketing,OPERATING EXPENSES,0190,7370,Media,OH_SALES_MARKETING,OVERHEAD EXPENSES,Fixed Cost,0.0,GL,false,CWL 0190:7370
OXI,sales-marketing,Sales & Marketing,OPERATING EXPENSES,0190,7380,Miscellaneous,OH_SALES_MARKETING,OVERHEAD EXPENSES,Fixed Cost,0.0,GL,false,CWL 0190:7380
OXI,sales-marketing,Sales & Marketing,OPERATING EXPENSES,0190,7400,Operating Supplies,OH_SALES_MARKETING,OVERHEAD EXPENSES,Fixed Cost,0.0,GL,false,CWL 0190:7400
OXI,sales-marketing,Sales & Marketing,OPERATING EXPENSES,0190,7435,Outside Sales Representation,OH_SALES_MARKETING,OVERHEAD EXPENSES,Fixed Cost,0.0,GL,false,CWL 0190:7435
OXI,sales-marketing,Sales & Marketing,OPERATING EXPENSES,0190,7440,Outside Services Market Research,OH_SALES_MARKETING,OVERHEAD EXPENSES,Fixed Cost,0.0,GL,false,CWL 0190:7440
OXI,sales-marketing,Sales & Marketing,OPERATING EXPENSES,0190,7445,Outside Signage,OH_SALES_MARKETING,OVERHEAD EXPENSES,Fixed Cost,0.0,GL,false,CWL 0190:7445
OXI,sales-marketing,Sales & Marketing,OPERATING EXPENSES,0190,7475,Photography,OH_SALES_MARKETING,OVERHEAD EXPENSES,Fixed Cost,0.0,GL,false,CWL 0190:7475
OXI,sales-marketing,Sales & Marketing,OPERATING EXPENSES,0190,7485,Postage and Overnight Delivery Charges,OH_SALES_MARKETING,OVERHEAD EXPENSES,Fixed Cost,0.0,GL,false,CWL 0190:7485
OXI,sales-marketing,Sales & Marketing,OPERATING EXPENSES,0190,7500,Promotion,OH_SALES_MARKETING,OVERHEAD EXPENSES,Fixed Cost,0.0,GL,false,CWL 0190:7500
OXI,sales-marketing,Sales & Marketing,OPERATING EXPENSES,0190,7660,Trade Shows,OH_SALES_MARKETING,OVERHEAD EXPENSES,Fixed Cost,0.0,GL,false,CWL 0190:7660
OXI,sales-marketing,Sales & Marketing,OPERATING EXPENSES,0190,7665,Training,OH_SALES_MARKETING,OVERHEAD EXPENSES,Fixed Cost,0.0,GL,false,CWL 0190:7665
OXI,sales-marketing,Sales & Marketing,OPERATING EXPENSES,0190,7670,Travel—Meals and Entertainment,OH_SALES_MARKETING,OVERHEAD EXPENSES,Fixed Cost,0.0,GL,false,CWL 0190:7670
OXI,sales-marketing,Sales & Marketing,OPERATING EXPENSES,0190,7675,Travel—Other,OH_SALES_MARKETING,OVERHEAD EXPENSES,Variable,1.0,GL,false,CWL 0190:7675
OXI,sales-marketing,Sales & Marketing,OPERATING EXPENSES,0190,7715,Website,OH_SALES_MARKETING,OVERHEAD EXPENSES,Variable,1.0,GL,false,CWL 0190:7715
OXI,maintenance,Maintenance,PAYROLL,0200,6000,Salary and Wages,OH_MAINTENANCE,OVERHEAD EXPENSES,Fixed Cost,0.0,GL,false,CWL 0200:6000
OXI,maintenance,Maintenance,PAYROLL,0200,6001,Overtime,OH_MAINTENANCE,OVERHEAD EXPENSES,Fixed Cost,0.0,GL,false,CWL 0200:6001
OXI,maintenance,Maintenance,PAYROLL,0200,6002,Day Off,OH_MAINTENANCE,OVERHEAD EXPENSES,Fixed Cost,0.0,GL,false,CWL 0200:6002
OXI,maintenance,Maintenance,PAYROLL,0200,6003,Working Holiday,OH_MAINTENANCE,OVERHEAD EXPENSES,Fixed Cost,0.0,GL,false,CWL 0200:6003
OXI,maintenance,Maintenance,PAYROLL,0200,6010,Commissions,OH_MAINTENANCE,OVERHEAD EXPENSES,Fixed Cost,0.0,GL,false,CWL 0200:6010
OXI,maintenance,Maintenance,PAYROLL,0200,6020,Social Security,OH_MAINTENANCE,OVERHEAD EXPENSES,Fixed Cost,0.0,GL,false,CWL 0200:6020
OXI,maintenance,Maintenance,PAYROLL,0200,6021,Christmas bonus,OH_MAINTENANCE,OVERHEAD EXPENSES,Fixed Cost,0.0,GL,false,CWL 0200:6021
OXI,maintenance,Maintenance,PAYROLL,0200,6022,Work Risk Policy,OH_MAINTENANCE,OVERHEAD EXPENSES,Fixed Cost,0.0,GL,false,CWL 0200:6022
OXI,maintenance,Maintenance,PAYROLL,0200,6023,Vacations Accrual,OH_MAINTENANCE,OVERHEAD EXPENSES,Fixed Cost,0.0,GL,false,CWL 0200:6023
OXI,maintenance,Maintenance,PAYROLL,0200,6024,Vacations Taken,OH_MAINTENANCE,OVERHEAD EXPENSES,Fixed Cost,0.0,GL,false,CWL 0200:6024
OXI,maintenance,Maintenance,PAYROLL,0200,6025,Cafeteria,OH_MAINTENANCE,OVERHEAD EXPENSES,Fixed Cost,0.0,GL,false,CWL 0200:6025
OXI,maintenance,Maintenance,PAYROLL,0200,6026,Notice and Severance Pay,OH_MAINTENANCE,OVERHEAD EXPENSES,Fixed Cost,0.0,GL,false,CWL 0200:6026
OXI,maintenance,Maintenance,PAYROLL,0200,6027,Incentive Bonus,OH_MAINTENANCE,OVERHEAD EXPENSES,Fixed Cost,0.0,GL,false,CWL 0200:6027
OXI,maintenance,Maintenance,PAYROLL,0200,6028,Housing,OH_MAINTENANCE,OVERHEAD EXPENSES,Fixed Cost,0.0,GL,false,CWL 0200:6028
OXI,maintenance,Maintenance,PAYROLL,0200,6029,Employee Transportation,OH_MAINTENANCE,OVERHEAD EXPENSES,Fixed Cost,0.0,GL,false,CWL 0200:6029
OXI,maintenance,Maintenance,PAYROLL,0200,6030,Employee Benefit Others,OH_MAINTENANCE,OVERHEAD EXPENSES,Fixed Cost,0.0,GL,false,CWL 0200:6030
OXI,maintenance,Maintenance,OPERATING EXPENSES,0200,7030,Building,OH_MAINTENANCE,OVERHEAD EXPENSES,Fixed Cost,0.0,GL,false,CWL 0200:7030
OXI,maintenance,Maintenance,OPERATING EXPENSES,0200,7070,Cluster Services,OH_MAINTENANCE,OVERHEAD EXPENSES,Fixed Cost,0.0,GL,false,CWL 0200:7070
OXI,maintenance,Maintenance,OPERATING EXPENSES,0200,7105,Contract Services,OH_MAINTENANCE,OVERHEAD EXPENSES,Fixed Cost,0.0,GL,false,CWL 0200:7105
OXI,maintenance,Maintenance,OPERATING EXPENSES,0200,7110,Corporate Office Reimbursables,OH_MAINTENANCE,OVERHEAD EXPENSES,Fixed Cost,0.0,GL,false,CWL 0200:7110
OXI,maintenance,Maintenance,OPERATING EXPENSES,0200,7150,Dues and Subscriptions,OH_MAINTENANCE,OVERHEAD EXPENSES,Fixed Cost,0.0,GL,false,CWL 0200:7150
OXI,maintenance,Maintenance,OPERATING EXPENSES,0200,7155,Electrical and Mechanical Equipment,OH_MAINTENANCE,OVERHEAD EXPENSES,Fixed Cost,0.0,GL,false,CWL 0200:7155
OXI,maintenance,Maintenance,OPERATING EXPENSES,0200,7165,Elevators and Escalators,OH_MAINTENANCE,OVERHEAD EXPENSES,Fixed Cost,0.0,GL,false,CWL 0200:7165
OXI,maintenance,Maintenance,OPERATING EXPENSES,0200,7170,Engineering Supplies,OH_MAINTENANCE,OVERHEAD EXPENSES,Fixed Cost,0.0,GL,false,CWL 0200:7170
OXI,maintenance,Maintenance,OPERATING EXPENSES,0200,7175,Entertainment—In-House,OH_MAINTENANCE,OVERHEAD EXPENSES,Fixed Cost,0.0,GL,false,CWL 0200:7175
OXI,maintenance,Maintenance,OPERATING EXPENSES,0200,7180,Equipment (hardware),OH_MAINTENANCE,OVERHEAD EXPENSES,Fixed Cost,0.0,GL,false,CWL 0200:7180
OXI,maintenance,Maintenance,OPERATING EXPENSES,0200,7185,Equipment Rental,OH_MAINTENANCE,OVERHEAD EXPENSES,Fixed Cost,0.0,GL,false,CWL 0200:7185
OXI,maintenance,Maintenance,OPERATING EXPENSES,0200,7200,Floor Covering,OH_MAINTENANCE,OVERHEAD EXPENSES,Fixed Cost,0.0,GL,false,CWL 0200:7200
OXI,maintenance,Maintenance,OPERATING EXPENSES,0200,7215,Furniture and Equipment,OH_MAINTENANCE,OVERHEAD EXPENSES,Fixed Cost,0.0,GL,false,CWL 0200:7215
OXI,maintenance,Maintenance,OPERATING EXPENSES,0200,7240,Grounds Maintenance and Landscaping,OH_MAINTENANCE,OVERHEAD EXPENSES,Fixed Cost,0.0,GL,false,CWL 0200:7240
OXI,maintenance,Maintenance,OPERATING EXPENSES,0200,7265,"Heating, Ventilation, and Air Conditioning",OH_MAINTENANCE,OVERHEAD EXPENSES,Fixed Cost,0.0,GL,false,CWL 0200:7265
OXI,maintenance,Maintenance,OPERATING EXPENSES,0200,7290,Kitchen Equipment,OH_MAINTENANCE,OVERHEAD EXPENSES,Fixed Cost,0.0,GL,false,CWL 0200:7290
OXI,maintenance,Maintenance,OPERATING EXPENSES,0200,7315,Laundry Equipment,OH_MAINTENANCE,OVERHEAD EXPENSES,Fixed Cost,0.0,GL,false,CWL 0200:7315
OXI,maintenance,Maintenance,OPERATING EXPENSES,0200,7335,Licenses and Permits,OH_MAINTENANCE,OVERHEAD EXPENSES,Fixed Cost,0.0,GL,false,CWL 0200:7335
OXI,maintenance,Maintenance,OPERATING EXPENSES,0200,7340,Life/Safety,OH_MAINTENANCE,OVERHEAD EXPENSES,Fixed Cost,0.0,GL,false,CWL 0200:7340
OXI,maintenance,Maintenance,OPERATING EXPENSES,0200,7345,Light Bulbs,OH_MAINTENANCE,OVERHEAD EXPENSES,Fixed Cost,0.0,GL,false,CWL 0200:7345
OXI,maintenance,Maintenance,OPERATING EXPENSES,0200,7380,Miscellaneous,OH_MAINTENANCE,OVERHEAD EXPENSES,Fixed Cost,0.0,GL,false,CWL 0200:7380
OXI,maintenance,Maintenance,OPERATING EXPENSES,0200,7400,Operating Supplies,OH_MAINTENANCE,OVERHEAD EXPENSES,Fixed Cost,0.0,GL,false,CWL 0200:7400
OXI,maintenance,Maintenance,OPERATING EXPENSES,0200,7455,Painting and Wallcovering,OH_MAINTENANCE,OVERHEAD EXPENSES,Fixed Cost,0.0,GL,false,CWL 0200:7455
OXI,maintenance,Maintenance,OPERATING EXPENSES,0200,7480,Plumbing,OH_MAINTENANCE,OVERHEAD EXPENSES,Fixed Cost,0.0,GL,false,CWL 0200:7480
OXI,maintenance,Maintenance,OPERATING EXPENSES,0200,7555,Swimming Pool,OH_MAINTENANCE,OVERHEAD EXPENSES,Fixed Cost,0.0,GL,false,CWL 0200:7555
OXI,maintenance,Maintenance,OPERATING EXPENSES,0200,7665,Training,OH_MAINTENANCE,OVERHEAD EXPENSES,Fixed Cost,0.0,GL,false,CWL 0200:7665
OXI,maintenance,Maintenance,OPERATING EXPENSES,0200,7670,Travel—Meals and Entertainment,OH_MAINTENANCE,OVERHEAD EXPENSES,Fixed Cost,0.0,GL,false,CWL 0200:7670
OXI,maintenance,Maintenance,OPERATING EXPENSES,0200,7675,Travel—Other,OH_MAINTENANCE,OVERHEAD EXPENSES,Fixed Cost,0.0,GL,false,CWL 0200:7675
OXI,maintenance,Maintenance,OPERATING EXPENSES,0200,7680,Uniform Costs,OH_MAINTENANCE,OVERHEAD EXPENSES,Fixed Cost,0.0,GL,false,CWL 0200:7680
OXI,maintenance,Maintenance,OPERATING EXPENSES,0200,7685,Uniform Laundry,OH_MAINTENANCE,OVERHEAD EXPENSES,Fixed Cost,0.0,GL,false,CWL 0200:7685
OXI,maintenance,Maintenance,OPERATING EXPENSES,0200,7700,Vehicle Repair,OH_MAINTENANCE,OVERHEAD EXPENSES,Fixed Cost,0.0,GL,false,CWL 0200:7700
OXI,maintenance,Maintenance,OPERATING EXPENSES,0200,7705,Waste Removal,OH_MAINTENANCE,OVERHEAD EXPENSES,Fixed Cost,0.0,GL,false,CWL 0200:7705
OXI,information-system,Information System,PAYROLL,0230,6000,Salary and Wages,OH_INFORMATION_SYSTEM,OVERHEAD EXPENSES,Fixed Cost,0.0,GL,false,CWL 0230:6000
OXI,information-system,Information System,PAYROLL,0230,6001,Overtime,OH_INFORMATION_SYSTEM,OVERHEAD EXPENSES,Fixed Cost,0.0,GL,false,CWL 0230:6001
OXI,information-system,Information System,PAYROLL,0230,6002,Day Off,OH_INFORMATION_SYSTEM,OVERHEAD EXPENSES,Fixed Cost,0.0,GL,false,CWL 0230:6002
OXI,information-system,Information System,PAYROLL,0230,6003,Working Holiday,OH_INFORMATION_SYSTEM,OVERHEAD EXPENSES,Fixed Cost,0.0,GL,false,CWL 0230:6003
OXI,information-system,Information System,PAYROLL,0230,6010,Commissions,OH_INFORMATION_SYSTEM,OVERHEAD EXPENSES,Fixed Cost,0.0,GL,false,CWL 0230:6010
OXI,information-system,Information System,PAYROLL,0230,6020,Social Security,OH_INFORMATION_SYSTEM,OVERHEAD EXPENSES,Fixed Cost,0.0,GL,false,CWL 0230:6020
OXI,information-system,Information System,PAYROLL,0230,6021,Christmas bonus,OH_INFORMATION_SYSTEM,OVERHEAD EXPENSES,Fixed Cost,0.0,GL,false,CWL 0230:6021
OXI,information-system,Information System,PAYROLL,0230,6022,Work Risk Policy,OH_INFORMATION_SYSTEM,OVERHEAD EXPENSES,Fixed Cost,0.0,GL,false,CWL 0230:6022
OXI,information-system,Information System,PAYROLL,0230,6023,Vacations Accrual,OH_INFORMATION_SYSTEM,OVERHEAD EXPENSES,Fixed Cost,0.0,GL,false,CWL 0230:6023
OXI,information-system,Information System,PAYROLL,0230,6024,Vacations Taken,OH_INFORMATION_SYSTEM,OVERHEAD EXPENSES,Fixed Cost,0.0,GL,false,CWL 0230:6024
OXI,information-system,Information System,PAYROLL,0230,6025,Cafeteria,OH_INFORMATION_SYSTEM,OVERHEAD EXPENSES,Fixed Cost,0.0,GL,false,CWL 0230:6025
OXI,information-system,Information System,PAYROLL,0230,6026,Notice and Severance Pay,OH_INFORMATION_SYSTEM,OVERHEAD EXPENSES,Fixed Cost,0.0,GL,false,CWL 0230:6026
OXI,information-system,Information System,PAYROLL,0230,6027,Incentive Bonus,OH_INFORMATION_SYSTEM,OVERHEAD EXPENSES,Fixed Cost,0.0,GL,false,CWL 0230:6027
OXI,information-system,Information System,PAYROLL,0230,6028,Housing,OH_INFORMATION_SYSTEM,OVERHEAD EXPENSES,Fixed Cost,0.0,GL,false,CWL 0230:6028
OXI,information-system,Information System,PAYROLL,0230,6029,Employee Transportation,OH_INFORMATION_SYSTEM,OVERHEAD EXPENSES,Fixed Cost,0.0,GL,false,CWL 0230:6029
OXI,information-system,Information System,PAYROLL,0230,6030,Employee Benefit Others,OH_INFORMATION_SYSTEM,OVERHEAD EXPENSES,Fixed Cost,0.0,GL,false,CWL 0230:6030
OXI,information-system,Information System,COST OF SALES,0230,5700,Cost of Cells Phones,COH_INFORMATION_SYSTEM,OVERHEAD COST OF SALES,Fixed Cost,0.0,GL,false,CWL 0230:5700
OXI,information-system,Information System,COST OF SALES,0230,5701,Cost of Local Calls,COH_INFORMATION_SYSTEM,OVERHEAD COST OF SALES,Fixed Cost,0.0,GL,false,CWL 0230:5701
OXI,information-system,Information System,COST OF SALES,0230,5702,Cost of Internet Services,COH_INFORMATION_SYSTEM,OVERHEAD COST OF SALES,Fixed Cost,0.0,GL,false,CWL 0230:5702
OXI,information-system,Information System,COST OF SALES,0230,5703,Cost of Long Distance,COH_INFORMATION_SYSTEM,OVERHEAD COST OF SALES,Fixed Cost,0.0,GL,false,CWL 0230:5703
OXI,information-system,Information System,COST OF SALES,0230,5704,Other  Cost  of Services,COH_INFORMATION_SYSTEM,OVERHEAD COST OF SALES,Fixed Cost,0.0,GL,false,CWL 0230:5704
OXI,information-system,Information System,OPERATING EXPENSES,0230,7110,Corporate Office Reimbursables,OH_INFORMATION_SYSTEM,OVERHEAD EXPENSES,Fixed Cost,0.0,GL,false,CWL 0230:7110
OXI,information-system,Information System,OPERATING EXPENSES,0230,7150,Dues and Subscriptions,OH_INFORMATION_SYSTEM,OVERHEAD EXPENSES,Fixed Cost,0.0,GL,false,CWL 0230:7150
OXI,information-system,Information System,OPERATING EXPENSES,0230,7175,Entertainment—In-House,OH_INFORMATION_SYSTEM,OVERHEAD EXPENSES,Fixed Cost,0.0,GL,false,CWL 0230:7175
OXI,information-system,Information System,OPERATING EXPENSES,0230,7185,Equipment Rental,OH_INFORMATION_SYSTEM,OVERHEAD EXPENSES,Fixed Cost,0.0,GL,false,CWL 0230:7185
OXI,information-system,Information System,OPERATING EXPENSES,0230,7380,Miscellaneous,OH_INFORMATION_SYSTEM,OVERHEAD EXPENSES,Fixed Cost,0.0,GL,false,CWL 0230:7380
OXI,information-system,Information System,OPERATING EXPENSES,0230,7400,Operating Supplies,OH_INFORMATION_SYSTEM,OVERHEAD EXPENSES,Fixed Cost,0.0,GL,false,CWL 0230:7400
OXI,information-system,Information System,OPERATING EXPENSES,0230,7410,Other Cost of Services,OH_INFORMATION_SYSTEM,OVERHEAD EXPENSES,Fixed Cost,0.0,GL,false,CWL 0230:7410
OXI,information-system,Information System,OPERATING EXPENSES,0230,7415,Other Equipment,OH_INFORMATION_SYSTEM,OVERHEAD EXPENSES,Fixed Cost,0.0,GL,false,CWL 0230:7415
OXI,information-system,Information System,OPERATING EXPENSES,0230,7560,System Expenses : Administrative and General,OH_INFORMATION_SYSTEM,OVERHEAD EXPENSES,Fixed Cost,0.0,GL,false,CWL 0230:7560
OXI,information-system,Information System,OPERATING EXPENSES,0230,7565,System Expenses : Centralized Information System Charges,OH_INFORMATION_SYSTEM,OVERHEAD EXPENSES,Fixed Cost,0.0,GL,false,CWL 0230:7565
OXI,information-system,Information System,OPERATING EXPENSES,0230,7570,System Expenses : Energy Management,OH_INFORMATION_SYSTEM,OVERHEAD EXPENSES,Fixed Cost,0.0,GL,false,CWL 0230:7570
OXI,information-system,Information System,OPERATING EXPENSES,0230,7575,System Expenses : Food and Beverage,OH_INFORMATION_SYSTEM,OVERHEAD EXPENSES,Fixed Cost,0.0,GL,false,CWL 0230:7575
OXI,information-system,Information System,OPERATING EXPENSES,0230,7580,System Expenses : Golf,OH_INFORMATION_SYSTEM,OVERHEAD EXPENSES,Fixed Cost,0.0,GL,false,CWL 0230:7580
OXI,information-system,Information System,OPERATING EXPENSES,0230,7585,System Expenses : Hardware,OH_INFORMATION_SYSTEM,OVERHEAD EXPENSES,Fixed Cost,0.0,GL,false,CWL 0230:7585
OXI,information-system,Information System,OPERATING EXPENSES,0230,7590,System Expenses : Health Club/Spa,OH_INFORMATION_SYSTEM,OVERHEAD EXPENSES,Fixed Cost,0.0,GL,false,CWL 0230:7590
OXI,information-system,Information System,OPERATING EXPENSES,0230,7595,System Expenses : Human Resources,OH_INFORMATION_SYSTEM,OVERHEAD EXPENSES,Fixed Cost,0.0,GL,false,CWL 0230:7595
OXI,information-system,Information System,OPERATING EXPENSES,0230,7600,System Expenses : Information Security,OH_INFORMATION_SYSTEM,OVERHEAD EXPENSES,Fixed Cost,0.0,GL,false,CWL 0230:7600
OXI,information-system,Information System,OPERATING EXPENSES,0230,7605,System Expenses : Information Systems,OH_INFORMATION_SYSTEM,OVERHEAD EXPENSES,Fixed Cost,0.0,GL,false,CWL 0230:7605
OXI,information-system,Information System,OPERATING EXPENSES,0230,7610,System Expenses : Other,OH_INFORMATION_SYSTEM,OVERHEAD EXPENSES,Fixed Cost,0.0,GL,false,CWL 0230:7610
OXI,information-system,Information System,OPERATING EXPENSES,0230,7615,System Expenses : Parking,OH_INFORMATION_SYSTEM,OVERHEAD EXPENSES,Fixed Cost,0.0,GL,false,CWL 0230:7615
OXI,information-system,Information System,OPERATING EXPENSES,0230,7620,System Expenses : Property Operation and Maintenance,OH_INFORMATION_SYSTEM,OVERHEAD EXPENSES,Fixed Cost,0.0,GL,false,CWL 0230:7620
OXI,information-system,Information System,OPERATING EXPENSES,0230,7625,System Expenses : Rooms,OH_INFORMATION_SYSTEM,OVERHEAD EXPENSES,Fixed Cost,0.0,GL,false,CWL 0230:7625
OXI,information-system,Information System,OPERATING EXPENSES,0230,7630,System Expenses : Sales and Marketing,OH_INFORMATION_SYSTEM,OVERHEAD EXPENSES,Fixed Cost,0.0,GL,false,CWL 0230:7630
OXI,information-system,Information System,OPERATING EXPENSES,0230,7635,System Expenses : Telecommunications,OH_INFORMATION_SYSTEM,OVERHEAD EXPENSES,Fixed Cost,0.0,GL,false,CWL 0230:7635
OXI,information-system,Information System,OPERATING EXPENSES,0230,7640,System Storage and Optimization,OH_INFORMATION_SYSTEM,OVERHEAD EXPENSES,Fixed Cost,0.0,GL,false,CWL 0230:7640
OXI,information-system,Information System,OPERATING EXPENSES,0230,7665,Training,OH_INFORMATION_SYSTEM,OVERHEAD EXPENSES,Fixed Cost,0.0,GL,false,CWL 0230:7665
OXI,information-system,Information System,OPERATING EXPENSES,0230,7670,Travel—Meals and Entertainment,OH_INFORMATION_SYSTEM,OVERHEAD EXPENSES,Fixed Cost,0.0,GL,false,CWL 0230:7670
OXI,information-system,Information System,OPERATING EXPENSES,0230,7675,Travel—Other,OH_INFORMATION_SYSTEM,OVERHEAD EXPENSES,Fixed Cost,0.0,GL,false,CWL 0230:7675
OXI,information-system,Information System,OPERATING EXPENSES,0230,7680,Uniform Costs,OH_INFORMATION_SYSTEM,OVERHEAD EXPENSES,Fixed Cost,0.0,GL,false,CWL 0230:7680
OXI,information-system,Information System,OPERATING EXPENSES,0230,7685,Uniform Laundry,OH_INFORMATION_SYSTEM,OVERHEAD EXPENSES,Fixed Cost,0.0,GL,false,CWL 0230:7685
OXI,utility,Utility,OPERATING EXPENSES,0210,7055,Chilled Water,OH_UTILITIES,OVERHEAD EXPENSES,Fixed Cost,0.0,GL,false,CWL 0210:7055
OXI,utility,Utility,OPERATING EXPENSES,0210,7105,Contract Services,OH_UTILITIES,OVERHEAD EXPENSES,Fixed Cost,0.0,GL,false,CWL 0210:7105
OXI,utility,Utility,OPERATING EXPENSES,0210,7160,Electricity,OH_UTILITIES,OVERHEAD EXPENSES,Fixed Cost,0.0,GL,false,CWL 0210:7160
OXI,utility,Utility,OPERATING EXPENSES,0210,7230,Gas,OH_UTILITIES,OVERHEAD EXPENSES,Fixed Cost,0.0,GL,false,CWL 0210:7230
OXI,utility,Utility,OPERATING EXPENSES,0210,7395,Oil & Gas (Generador) · Oil & Gas (tractors) · Oil (Boat and Equipment) · Other,OH_UTILITIES,OVERHEAD EXPENSES,Fixed Cost,0.0,GL,false,CWL 0210:7395
OXI,utility,Utility,OPERATING EXPENSES,0210,7420,Other Fuels,OH_UTILITIES,OVERHEAD EXPENSES,Fixed Cost,0.0,GL,false,CWL 0210:7420
OXI,utility,Utility,OPERATING EXPENSES,0210,7550,Steam,OH_UTILITIES,OVERHEAD EXPENSES,Fixed Cost,0.0,GL,false,CWL 0210:7550
OXI,utility,Utility,OPERATING EXPENSES,0210,7710,Water/Sewer,OH_UTILITIES,OVERHEAD EXPENSES,Fixed Cost,0.0,GL,false,CWL 0210:7710
OXI,laundry,Laundry,PAYROLL,0161,6000,Salary and Wages,OH_LAUNDRY,OVERHEAD EXPENSES,Fixed Cost,0.0,GL,false,ANALOGIA CWL ag:6000
OXI,laundry,Laundry,PAYROLL,0161,6001,Overtime,OH_LAUNDRY,OVERHEAD EXPENSES,Fixed Cost,0.0,GL,false,ANALOGIA CWL ag:6001
OXI,laundry,Laundry,PAYROLL,0161,6002,Day Off,OH_LAUNDRY,OVERHEAD EXPENSES,Fixed Cost,0.0,GL,false,ANALOGIA CWL ag:6002
OXI,laundry,Laundry,PAYROLL,0161,6003,Working Holiday,OH_LAUNDRY,OVERHEAD EXPENSES,Fixed Cost,0.0,GL,false,ANALOGIA CWL ag:6003
OXI,laundry,Laundry,PAYROLL,0161,6010,Commissions,OH_LAUNDRY,OVERHEAD EXPENSES,Fixed Cost,0.0,GL,false,ANALOGIA CWL ag:6010
OXI,laundry,Laundry,PAYROLL,0161,6020,Social Security,OH_LAUNDRY,OVERHEAD EXPENSES,Fixed Cost,0.0,GL,false,ANALOGIA CWL ag:6020
OXI,laundry,Laundry,PAYROLL,0161,6021,Christmas bonus,OH_LAUNDRY,OVERHEAD EXPENSES,Fixed Cost,0.0,GL,false,ANALOGIA CWL ag:6021
OXI,laundry,Laundry,PAYROLL,0161,6022,Work Risk Policy,OH_LAUNDRY,OVERHEAD EXPENSES,Fixed Cost,0.0,GL,false,ANALOGIA CWL ag:6022
OXI,laundry,Laundry,PAYROLL,0161,6023,Vacations Accrual,OH_LAUNDRY,OVERHEAD EXPENSES,Fixed Cost,0.0,GL,false,ANALOGIA CWL ag:6023
OXI,laundry,Laundry,PAYROLL,0161,6024,Vacations Taken,OH_LAUNDRY,OVERHEAD EXPENSES,Fixed Cost,0.0,GL,false,ANALOGIA CWL ag:6024
OXI,laundry,Laundry,PAYROLL,0161,6025,Cafeteria,OH_LAUNDRY,OVERHEAD EXPENSES,Fixed Cost,0.0,GL,false,ANALOGIA CWL ag:6025
OXI,laundry,Laundry,PAYROLL,0161,6026,Notice and Severance Pay,OH_LAUNDRY,OVERHEAD EXPENSES,Fixed Cost,0.0,GL,false,ANALOGIA CWL ag:6026
OXI,laundry,Laundry,PAYROLL,0161,6027,Incentive Bonus,OH_LAUNDRY,OVERHEAD EXPENSES,Fixed Cost,0.0,GL,false,ANALOGIA CWL ag:6027
OXI,laundry,Laundry,PAYROLL,0161,6028,Housing,OH_LAUNDRY,OVERHEAD EXPENSES,Fixed Cost,0.0,GL,false,ANALOGIA CWL ag:6028
OXI,laundry,Laundry,PAYROLL,0161,6029,Employee Transportation,OH_LAUNDRY,OVERHEAD EXPENSES,Fixed Cost,0.0,GL,false,ANALOGIA CWL ag:6029
OXI,laundry,Laundry,PAYROLL,0161,6030,Employee Benefit Others,OH_LAUNDRY,OVERHEAD EXPENSES,Fixed Cost,0.0,GL,false,ANALOGIA CWL ag:6030
OXI,laundry,Laundry,OPERATING EXPENSES,0161,7065,Cleaning Supplies,OH_LAUNDRY,OVERHEAD EXPENSES,Fixed Cost,0.0,GL,false,ANALOGIA CWL ag OTRO (35/35)
OXI,laundry,Laundry,OPERATING EXPENSES,0161,7100,Complimentary Services and Gifts,OH_LAUNDRY,OVERHEAD EXPENSES,Fixed Cost,0.0,GL,false,ANALOGIA CWL ag:7100
OXI,laundry,Laundry,OPERATING EXPENSES,0161,7105,Contract Services,OH_LAUNDRY,OVERHEAD EXPENSES,Fixed Cost,0.0,GL,false,ANALOGIA CWL ag:7105
OXI,laundry,Laundry,OPERATING EXPENSES,0161,7110,Corporate Office Reimbursables,OH_LAUNDRY,OVERHEAD EXPENSES,Fixed Cost,0.0,GL,false,ANALOGIA CWL ag:7110
OXI,laundry,Laundry,OPERATING EXPENSES,0161,7125,Decorations,OH_LAUNDRY,OVERHEAD EXPENSES,Fixed Cost,0.0,GL,false,ANALOGIA CWL ag:7125
OXI,laundry,Laundry,OPERATING EXPENSES,0161,7150,Dues and Subscriptions,OH_LAUNDRY,OVERHEAD EXPENSES,Fixed Cost,0.0,GL,false,ANALOGIA CWL ag:7150
OXI,laundry,Laundry,OPERATING EXPENSES,0161,7175,Entertainment—In-House,OH_LAUNDRY,OVERHEAD EXPENSES,Fixed Cost,0.0,GL,false,ANALOGIA CWL ag:7175
OXI,laundry,Laundry,OPERATING EXPENSES,0161,7185,Equipment Rental,OH_LAUNDRY,OVERHEAD EXPENSES,Fixed Cost,0.0,GL,false,ANALOGIA CWL ag:7185
OXI,laundry,Laundry,OPERATING EXPENSES,0161,7310,Laundry and Dry Cleaning,OH_LAUNDRY,OVERHEAD EXPENSES,Fixed Cost,0.0,GL,false,ANALOGIA CWL ag OTRO (35/35)
OXI,laundry,Laundry,OPERATING EXPENSES,0161,7320,Laundry Supplies,OH_LAUNDRY,OVERHEAD EXPENSES,Fixed Cost,0.0,GL,false,ANALOGIA CWL ag OTRO (35/35)
OXI,laundry,Laundry,OPERATING EXPENSES,0161,7335,Licenses and Permits,OH_LAUNDRY,OVERHEAD EXPENSES,Fixed Cost,0.0,GL,false,ANALOGIA CWL ag:7335
OXI,laundry,Laundry,OPERATING EXPENSES,0161,7380,Miscellaneous,OH_LAUNDRY,OVERHEAD EXPENSES,Fixed Cost,0.0,GL,false,ANALOGIA CWL ag:7380
OXI,laundry,Laundry,OPERATING EXPENSES,0161,7400,Operating Supplies,OH_LAUNDRY,OVERHEAD EXPENSES,Fixed Cost,0.0,GL,false,ANALOGIA CWL ag:7400
OXI,laundry,Laundry,OPERATING EXPENSES,0161,7490,Printing and Stationery,OH_LAUNDRY,OVERHEAD EXPENSES,Fixed Cost,0.0,GL,false,ANALOGIA CWL ag OTRO (35/35)
OXI,laundry,Laundry,OPERATING EXPENSES,0161,7665,Training,OH_LAUNDRY,OVERHEAD EXPENSES,Fixed Cost,0.0,GL,false,ANALOGIA CWL ag:7665
OXI,laundry,Laundry,OPERATING EXPENSES,0161,7670,Travel—Meals and Entertainment,OH_LAUNDRY,OVERHEAD EXPENSES,Fixed Cost,0.0,GL,false,ANALOGIA CWL ag:7670
OXI,laundry,Laundry,OPERATING EXPENSES,0161,7675,Travel—Other,OH_LAUNDRY,OVERHEAD EXPENSES,Fixed Cost,0.0,GL,false,ANALOGIA CWL ag:7675
OXI,laundry,Laundry,OPERATING EXPENSES,0161,7680,Uniform Costs,OH_LAUNDRY,OVERHEAD EXPENSES,Fixed Cost,0.0,GL,false,ANALOGIA CWL ag:7680
OXI,laundry,Laundry,OPERATING EXPENSES,0161,7685,Uniform Laundry,OH_LAUNDRY,OVERHEAD EXPENSES,Fixed Cost,0.0,GL,false,ANALOGIA CWL ag:7685
OXI,cafeteria,Cafetería,PAYROLL,0220,6000,Salary and Wages,OH_CAFETERIA,OVERHEAD EXPENSES,Fixed Cost,0.0,GL,false,ANALOGIA CWL ag:6000
OXI,cafeteria,Cafetería,PAYROLL,0220,6001,Overtime,OH_CAFETERIA,OVERHEAD EXPENSES,Fixed Cost,0.0,GL,false,ANALOGIA CWL ag:6001
OXI,cafeteria,Cafetería,PAYROLL,0220,6002,Day Off,OH_CAFETERIA,OVERHEAD EXPENSES,Fixed Cost,0.0,GL,false,ANALOGIA CWL ag:6002
OXI,cafeteria,Cafetería,PAYROLL,0220,6003,Working Holiday,OH_CAFETERIA,OVERHEAD EXPENSES,Fixed Cost,0.0,GL,false,ANALOGIA CWL ag:6003
OXI,cafeteria,Cafetería,PAYROLL,0220,6010,Commissions,OH_CAFETERIA,OVERHEAD EXPENSES,Fixed Cost,0.0,GL,false,ANALOGIA CWL ag:6010
OXI,cafeteria,Cafetería,PAYROLL,0220,6020,Social Security,OH_CAFETERIA,OVERHEAD EXPENSES,Fixed Cost,0.0,GL,false,ANALOGIA CWL ag:6020
OXI,cafeteria,Cafetería,PAYROLL,0220,6021,Christmas bonus,OH_CAFETERIA,OVERHEAD EXPENSES,Fixed Cost,0.0,GL,false,ANALOGIA CWL ag:6021
OXI,cafeteria,Cafetería,PAYROLL,0220,6022,Work Risk Policy,OH_CAFETERIA,OVERHEAD EXPENSES,Fixed Cost,0.0,GL,false,ANALOGIA CWL ag:6022
OXI,cafeteria,Cafetería,PAYROLL,0220,6023,Vacations Accrual,OH_CAFETERIA,OVERHEAD EXPENSES,Fixed Cost,0.0,GL,false,ANALOGIA CWL ag:6023
OXI,cafeteria,Cafetería,PAYROLL,0220,6024,Vacations Taken,OH_CAFETERIA,OVERHEAD EXPENSES,Fixed Cost,0.0,GL,false,ANALOGIA CWL ag:6024
OXI,cafeteria,Cafetería,PAYROLL,0220,6025,Cafeteria,OH_CAFETERIA,OVERHEAD EXPENSES,Fixed Cost,0.0,GL,false,ANALOGIA CWL ag:6025
OXI,cafeteria,Cafetería,PAYROLL,0220,6026,Notice and Severance Pay,OH_CAFETERIA,OVERHEAD EXPENSES,Fixed Cost,0.0,GL,false,ANALOGIA CWL ag:6026
OXI,cafeteria,Cafetería,PAYROLL,0220,6027,Incentive Bonus,OH_CAFETERIA,OVERHEAD EXPENSES,Fixed Cost,0.0,GL,false,ANALOGIA CWL ag:6027
OXI,cafeteria,Cafetería,PAYROLL,0220,6028,Housing,OH_CAFETERIA,OVERHEAD EXPENSES,Fixed Cost,0.0,GL,false,ANALOGIA CWL ag:6028
OXI,cafeteria,Cafetería,PAYROLL,0220,6029,Employee Transportation,OH_CAFETERIA,OVERHEAD EXPENSES,Fixed Cost,0.0,GL,false,ANALOGIA CWL ag:6029
OXI,cafeteria,Cafetería,PAYROLL,0220,6030,Employee Benefit Others,OH_CAFETERIA,OVERHEAD EXPENSES,Fixed Cost,0.0,GL,false,ANALOGIA CWL ag:6030
OXI,cafeteria,Cafetería,COST OF SALES,0220,5700,Cost of Cells Phones,COH_CAFETERIA,OVERHEAD COST OF SALES,Fixed Cost,0.0,GL,false,ANALOGIA CWL ag OTRO (35/35)
OXI,cafeteria,Cafetería,COST OF SALES,0220,5701,Cost of Local Calls,COH_CAFETERIA,OVERHEAD COST OF SALES,Fixed Cost,0.0,GL,false,ANALOGIA CWL ag OTRO (35/35)
OXI,cafeteria,Cafetería,OPERATING EXPENSES,0220,7060,China,OH_CAFETERIA,OVERHEAD EXPENSES,Fixed Cost,0.0,GL,false,ANALOGIA CWL ag OTRO (35/35)
OXI,cafeteria,Cafetería,OPERATING EXPENSES,0220,7065,Cleaning Supplies,OH_CAFETERIA,OVERHEAD EXPENSES,Fixed Cost,0.0,GL,false,ANALOGIA CWL ag OTRO (35/35)
OXI,cafeteria,Cafetería,OPERATING EXPENSES,0220,7105,Contract Services,OH_CAFETERIA,OVERHEAD EXPENSES,Fixed Cost,0.0,GL,false,ANALOGIA CWL ag:7105
OXI,cafeteria,Cafetería,OPERATING EXPENSES,0220,7110,Corporate Office Reimbursables,OH_CAFETERIA,OVERHEAD EXPENSES,Fixed Cost,0.0,GL,false,ANALOGIA CWL ag:7110
OXI,cafeteria,Cafetería,OPERATING EXPENSES,0220,7125,Decorations,OH_CAFETERIA,OVERHEAD EXPENSES,Fixed Cost,0.0,GL,false,ANALOGIA CWL ag:7125
OXI,cafeteria,Cafetería,OPERATING EXPENSES,0220,7140,Dishwashing Supplies,OH_CAFETERIA,OVERHEAD EXPENSES,Fixed Cost,0.0,GL,false,ANALOGIA CWL ag OTRO (35/35)
OXI,cafeteria,Cafetería,OPERATING EXPENSES,0220,7150,Dues and Subscriptions,OH_CAFETERIA,OVERHEAD EXPENSES,Fixed Cost,0.0,GL,false,ANALOGIA CWL ag:7150
OXI,cafeteria,Cafetería,OPERATING EXPENSES,0220,7175,Entertainment—In-House,OH_CAFETERIA,OVERHEAD EXPENSES,Fixed Cost,0.0,GL,false,ANALOGIA CWL ag:7175
OXI,cafeteria,Cafetería,OPERATING EXPENSES,0220,7185,Equipment Rental,OH_CAFETERIA,OVERHEAD EXPENSES,Fixed Cost,0.0,GL,false,ANALOGIA CWL ag:7185
OXI,cafeteria,Cafetería,OPERATING EXPENSES,0220,7195,Flatware,OH_CAFETERIA,OVERHEAD EXPENSES,Fixed Cost,0.0,GL,false,ANALOGIA CWL ag OTRO (35/35)
OXI,cafeteria,Cafetería,OPERATING EXPENSES,0220,7235,Glassware,OH_CAFETERIA,OVERHEAD EXPENSES,Fixed Cost,0.0,GL,false,ANALOGIA CWL ag OTRO (35/35)
OXI,cafeteria,Cafetería,OPERATING EXPENSES,0220,7275,Ice,OH_CAFETERIA,OVERHEAD EXPENSES,Fixed Cost,0.0,GL,false,ANALOGIA CWL ag OTRO (35/35)
OXI,cafeteria,Cafetería,OPERATING EXPENSES,0220,7295,Kitchen Fuel,OH_CAFETERIA,OVERHEAD EXPENSES,Fixed Cost,0.0,GL,false,ANALOGIA CWL ag OTRO (35/35)
OXI,cafeteria,Cafetería,OPERATING EXPENSES,0220,7300,Kitchen Smallwares,OH_CAFETERIA,OVERHEAD EXPENSES,Fixed Cost,0.0,GL,false,ANALOGIA CWL ag OTRO (35/35)
OXI,cafeteria,Cafetería,OPERATING EXPENSES,0220,7310,Laundry and Dry Cleaning,OH_CAFETERIA,OVERHEAD EXPENSES,Fixed Cost,0.0,GL,false,ANALOGIA CWL ag OTRO (35/35)
OXI,cafeteria,Cafetería,OPERATING EXPENSES,0220,7335,Licenses and Permits,OH_CAFETERIA,OVERHEAD EXPENSES,Fixed Cost,0.0,GL,false,ANALOGIA CWL ag:7335
OXI,cafeteria,Cafetería,OPERATING EXPENSES,0220,7350,Linen,OH_CAFETERIA,OVERHEAD EXPENSES,Fixed Cost,0.0,GL,false,ANALOGIA CWL ag OTRO (35/35)
OXI,cafeteria,Cafetería,OPERATING EXPENSES,0220,7380,Miscellaneous,OH_CAFETERIA,OVERHEAD EXPENSES,Fixed Cost,0.0,GL,false,ANALOGIA CWL ag:7380
OXI,cafeteria,Cafetería,OPERATING EXPENSES,0220,7400,Operating Supplies,OH_CAFETERIA,OVERHEAD EXPENSES,Fixed Cost,0.0,GL,false,ANALOGIA CWL ag:7400
OXI,cafeteria,Cafetería,OPERATING EXPENSES,0220,7460,Paper and Plastics,OH_CAFETERIA,OVERHEAD EXPENSES,Fixed Cost,0.0,GL,false,ANALOGIA CWL ag OTRO (35/35)
OXI,cafeteria,Cafetería,OPERATING EXPENSES,0220,7490,Printing and Stationery,OH_CAFETERIA,OVERHEAD EXPENSES,Fixed Cost,0.0,GL,false,ANALOGIA CWL ag OTRO (35/35)
OXI,cafeteria,Cafetería,OPERATING EXPENSES,0220,7665,Training,OH_CAFETERIA,OVERHEAD EXPENSES,Fixed Cost,0.0,GL,false,ANALOGIA CWL ag:7665
OXI,cafeteria,Cafetería,OPERATING EXPENSES,0220,7670,Travel—Meals and Entertainment,OH_CAFETERIA,OVERHEAD EXPENSES,Fixed Cost,0.0,GL,false,ANALOGIA CWL ag:7670
OXI,cafeteria,Cafetería,OPERATING EXPENSES,0220,7675,Travel—Other,OH_CAFETERIA,OVERHEAD EXPENSES,Fixed Cost,0.0,GL,false,ANALOGIA CWL ag:7675
OXI,cafeteria,Cafetería,OPERATING EXPENSES,0220,7680,Uniform Costs,OH_CAFETERIA,OVERHEAD EXPENSES,Fixed Cost,0.0,GL,false,ANALOGIA CWL ag:7680
OXI,cafeteria,Cafetería,OPERATING EXPENSES,0220,7685,Uniform Laundry,OH_CAFETERIA,OVERHEAD EXPENSES,Fixed Cost,0.0,GL,false,ANALOGIA CWL ag:7685
OXI,cafeteria,Cafetería,OPERATING EXPENSES,0220,7695,Utensils,OH_CAFETERIA,OVERHEAD EXPENSES,Fixed Cost,0.0,GL,false,ANALOGIA CWL ag OTRO (35/35)
OXI,ag,A&G,PAYROLL,0181,6000,Salary and Wages,OH_ADMIN,OVERHEAD EXPENSES,Fixed Cost,0.0,GL,false,CWL 0180:6000
OXI,ag,A&G,PAYROLL,0181,6001,Overtime,OH_ADMIN,OVERHEAD EXPENSES,Fixed Cost,0.0,GL,false,CWL 0180:6001
OXI,ag,A&G,PAYROLL,0181,6002,Day Off,OH_ADMIN,OVERHEAD EXPENSES,Fixed Cost,0.0,GL,false,CWL 0180:6002
OXI,ag,A&G,PAYROLL,0181,6003,Working Holiday,OH_ADMIN,OVERHEAD EXPENSES,Fixed Cost,0.0,GL,false,CWL 0180:6003
OXI,ag,A&G,PAYROLL,0181,6010,Commissions,OH_ADMIN,OVERHEAD EXPENSES,Fixed Cost,0.0,GL,false,CWL 0180:6010
OXI,ag,A&G,PAYROLL,0181,6020,Social Security,OH_ADMIN,OVERHEAD EXPENSES,Fixed Cost,0.0,GL,false,CWL 0180:6020
OXI,ag,A&G,PAYROLL,0181,6021,Christmas bonus,OH_ADMIN,OVERHEAD EXPENSES,Fixed Cost,0.0,GL,false,CWL 0180:6021
OXI,ag,A&G,PAYROLL,0181,6022,Work Risk Policy,OH_ADMIN,OVERHEAD EXPENSES,Fixed Cost,0.0,GL,false,CWL 0180:6022
OXI,ag,A&G,PAYROLL,0181,6023,Vacations Accrual,OH_ADMIN,OVERHEAD EXPENSES,Fixed Cost,0.0,GL,false,CWL 0180:6023
OXI,ag,A&G,PAYROLL,0181,6024,Vacations Taken,OH_ADMIN,OVERHEAD EXPENSES,Fixed Cost,0.0,GL,false,CWL 0180:6024
OXI,ag,A&G,PAYROLL,0181,6025,Cafeteria,OH_ADMIN,OVERHEAD EXPENSES,Fixed Cost,0.0,GL,false,CWL 0180:6025
OXI,ag,A&G,PAYROLL,0181,6026,Notice and Severance Pay,OH_ADMIN,OVERHEAD EXPENSES,Fixed Cost,0.0,GL,false,CWL 0180:6026
OXI,ag,A&G,PAYROLL,0181,6027,Incentive Bonus,OH_ADMIN,OVERHEAD EXPENSES,Fixed Cost,0.0,GL,false,CWL 0180:6027
OXI,ag,A&G,PAYROLL,0181,6028,Housing,OH_ADMIN,OVERHEAD EXPENSES,Fixed Cost,0.0,GL,false,CWL 0181:6028
OXI,ag,A&G,PAYROLL,0181,6029,Employee Transportation,OH_ADMIN,OVERHEAD EXPENSES,Fixed Cost,0.0,GL,false,CWL 0180:6029
OXI,ag,A&G,PAYROLL,0181,6030,Employee Benefit Others,OH_ADMIN,OVERHEAD EXPENSES,Fixed Cost,0.0,GL,false,CWL 0180:6030
OXI,ag,A&G,COST OF SALES,0181,5700,Cost of Cells Phones,COH_CAFETERIA,OVERHEAD COST OF SALES,Fixed Cost,0.0,GL,false,ANALOGIA CWL ag OTRO (35/35)
OXI,ag,A&G,COST OF SALES,0181,5701,Cost of Local Calls,COH_CAFETERIA,OVERHEAD COST OF SALES,Fixed Cost,0.0,GL,false,ANALOGIA CWL ag OTRO (35/35)
OXI,ag,A&G,OPERATING EXPENSES,0181,7060,China,OPEX_FB,OPERATING EXPENSES,Fixed Cost,0.0,GL,false,ANALOGIA CWL ag 70xx (5/5)
OXI,ag,A&G,OPERATING EXPENSES,0181,7065,Cleaning Supplies,OPEX_ROOMS,OPERATING EXPENSES,Fixed Cost,0.0,GL,false,ANALOGIA CWL ag 70xx (5/5)
OXI,ag,A&G,OPERATING EXPENSES,0181,7105,Contract Services,OH_ADMIN,OVERHEAD EXPENSES,Fixed Cost,0.0,GL,false,CWL 0180:7105
OXI,ag,A&G,OPERATING EXPENSES,0181,7110,Corporate Office Reimbursables,OH_ADMIN,OVERHEAD EXPENSES,Fixed Cost,0.0,GL,false,CWL 0180:7110
OXI,ag,A&G,OPERATING EXPENSES,0181,7125,Decorations,OH_ADMIN,OVERHEAD EXPENSES,Fixed Cost,0.0,GL,false,CWL 0180:7125
OXI,ag,A&G,OPERATING EXPENSES,0181,7140,Dishwashing Supplies,OPEX_FB,OPERATING EXPENSES,Fixed Cost,0.0,GL,false,ANALOGIA CWL ag 71xx (10/10)
OXI,ag,A&G,OPERATING EXPENSES,0181,7150,Dues and Subscriptions,OH_ADMIN,OVERHEAD EXPENSES,Fixed Cost,0.0,GL,false,CWL 0180:7150
OXI,ag,A&G,OPERATING EXPENSES,0181,7175,Entertainment—In-House,OH_ADMIN,OVERHEAD EXPENSES,Fixed Cost,0.0,GL,false,CWL 0180:7175
OXI,ag,A&G,OPERATING EXPENSES,0181,7185,Equipment Rental,OH_ADMIN,OVERHEAD EXPENSES,Fixed Cost,0.0,GL,false,CWL 0180:7185
OXI,ag,A&G,OPERATING EXPENSES,0181,7195,Flatware,OPEX_FB,OPERATING EXPENSES,Fixed Cost,0.0,GL,false,ANALOGIA CWL ag 71xx (10/10)
OXI,ag,A&G,OPERATING EXPENSES,0181,7235,Glassware,OPEX_FB,OPERATING EXPENSES,Fixed Cost,0.0,GL,false,ANALOGIA CWL ag 72xx (2/2)
OXI,ag,A&G,OPERATING EXPENSES,0181,7275,Ice,OPEX_FB,OPERATING EXPENSES,Fixed Cost,0.0,GL,false,ANALOGIA CWL ag 72xx (2/2)
OXI,ag,A&G,OPERATING EXPENSES,0181,7295,Kitchen Fuel,OPEX_FB,OPERATING EXPENSES,Fixed Cost,0.0,GL,false,ANALOGIA CWL ag 72xx (2/2)
OXI,ag,A&G,OPERATING EXPENSES,0181,7300,Kitchen Smallwares,OPEX_FB,OPERATING EXPENSES,Fixed Cost,0.0,GL,false,ANALOGIA CWL ag 73xx (5/5)
OXI,ag,A&G,OPERATING EXPENSES,0181,7310,Laundry and Dry Cleaning,OPEX_ROOMS,OPERATING EXPENSES,Fixed Cost,0.0,GL,false,ANALOGIA CWL ag 73xx (5/5)
OXI,ag,A&G,OPERATING EXPENSES,0181,7335,Licenses and Permits,OH_ADMIN,OVERHEAD EXPENSES,Fixed Cost,0.0,GL,false,CWL 0180:7335
OXI,ag,A&G,OPERATING EXPENSES,0181,7350,Linen,OPEX_ROOMS,OPERATING EXPENSES,Fixed Cost,0.0,GL,false,ANALOGIA CWL ag 73xx (5/5)
OXI,ag,A&G,OPERATING EXPENSES,0181,7380,Miscellaneous,OH_ADMIN,OVERHEAD EXPENSES,Fixed Cost,0.0,GL,false,CWL 0180:7380
OXI,ag,A&G,OPERATING EXPENSES,0181,7400,Operating Supplies,OH_ADMIN,OVERHEAD EXPENSES,Fixed Cost,0.0,GL,false,CWL 0180:7400
OXI,ag,A&G,OPERATING EXPENSES,0181,7460,Paper and Plastics,OPEX_FB,OPERATING EXPENSES,Fixed Cost,0.0,GL,false,ANALOGIA CWL ag 74xx (4/4)
OXI,ag,A&G,OPERATING EXPENSES,0181,7490,Printing and Stationery,OPEX_ROOMS,OPERATING EXPENSES,Fixed Cost,0.0,GL,false,ANALOGIA CWL ag 74xx (4/4)
OXI,ag,A&G,OPERATING EXPENSES,0181,7665,Training,OH_ADMIN,OVERHEAD EXPENSES,Fixed Cost,0.0,GL,false,CWL 0180:7665
OXI,ag,A&G,OPERATING EXPENSES,0181,7670,Travel—Meals and Entertainment,OH_ADMIN,OVERHEAD EXPENSES,Fixed Cost,0.0,GL,false,CWL 0180:7670
OXI,ag,A&G,OPERATING EXPENSES,0181,7675,Travel—Other,OH_ADMIN,OVERHEAD EXPENSES,Fixed Cost,0.0,GL,false,CWL 0180:7675
OXI,ag,A&G,OPERATING EXPENSES,0181,7680,Uniform Costs,OH_ADMIN,OVERHEAD EXPENSES,Fixed Cost,0.0,GL,false,CWL 0180:7680
OXI,ag,A&G,OPERATING EXPENSES,0181,7685,Uniform Laundry,OH_ADMIN,OVERHEAD EXPENSES,Fixed Cost,0.0,GL,false,CWL 0180:7685
OXI,ag,A&G,OPERATING EXPENSES,0181,7695,Utensils,OPEX_FB,OPERATING EXPENSES,Fixed Cost,0.0,GL,false,ANALOGIA CWL ag 76xx (5/5)
OXI,property-expenses,Property Expenses,RENT & MANAGEMENT FEES,0250,8000,Car Rentals,RENT,OWNER / NON-OP EXPENSES,Fixed Cost,0.0,GL,false,CWL 0250:8000
OXI,property-expenses,Property Expenses,RENT & MANAGEMENT FEES,0250,8005,Management Fees  (3%) · Management Fees  Others,MGMT_FEE_3,OWNER / NON-OP EXPENSES,Fixed Cost,0.0,GL,false,CWL 0250:8005
OXI,property-expenses,Property Expenses,PROPERTIES INSURANCE,0250,8015,Boat Insurance · Marime Zone · Property Insurance · Vehicules Insurance,PROPERTY_INSURANCE,OWNER / NON-OP EXPENSES,Fixed Cost,0.0,GL,false,CWL 0250:8015
OXI,property-expenses,Property Expenses,FINANCIAL CHARGES,0250,8035,Bank Charges · Interest Charges,BANK_INTEREST,FINANCIAL EXPENSES,Fixed Cost,0.0,GL,false,CWL 0250:8035
OXI,property-expenses,Property Expenses,FINANCIAL CHARGES,0250,8030,BANK AND COMMISSIONS CHARGES1 | BANK AND COMMISSIONS CHARGES,LEASINGS_RENTS,FINANCIAL EXPENSES,Fixed Cost,0.0,GL,false,ANALOGIA CWL property-expenses 80xx (10/10)
OXI,property-expenses,Property Expenses,FINANCIAL CHARGES,0250,8045,EXCHANGE GAIN/LOSSES1 | EXCHANGE GAIN/LOSSES,FINANCIAL_LOSSES,FINANCIAL EXPENSES,Fixed Cost,0.0,GL,false,ANALOGIA CWL property-expenses 80xx (10/10)
OXI,property-expenses,Property Expenses,CAPITAL EXPENSES,0250,8020,CAPITAL RESERVE,CAPITAL_RESERVE,CAPITAL,Fixed Cost,0.0,GL,false,CWL 0250:8020
OXI,property-expenses,Property Expenses,DEPRECIATION,0250,8040,Boats/Buildings · Bulding/ · Cars · Cars/Furniture/Equipment · Equipment · Furniture,DEPRECIATION,DEPRECIATION,Fixed Cost,0.0,GL,false,CWL 0250:8040
OXI,property-expenses,Property Expenses,NON DEDUCTIBLE EXPENSES,0250,8025,Expenses,OTHER_EXPENSES,OWNER / NON-OP EXPENSES,Fixed Cost,0.0,GL,false,CWL 0250:8025
OXI,property-expenses,Property Expenses,INCOME TAX,0250,8060,INCOME TAX,INCOME_TAXES,TAX / NET PROFIT,Fixed Cost,0.0,GL,true,CWL 0250:8060
OXI,fb,F&B,COST OF SALES,,,Food Cost,COS_FB_FOOD,COST OF SALES,Variable,1.0,LINEA,false,CWL LINEA COS_FB_FOOD
OXI,fb,F&B,COST OF SALES,,,Beverage Cost,COS_FB_BEV,COST OF SALES,Variable,1.0,LINEA,false,CWL LINEA COS_FB_BEV
OXI,tours,Tours,COST OF SALES,,,Complimentary Food  for tour · Tickets for Corcovado Park,COS_TOURS,COST OF SALES,Variable,1.0,LINEA,false,CWL LINEA COS_TOURS
OXI,gift-shop,Gift Shop,COST OF SALES,,,Clothing Other 1 Cost of Retail,COS_RETAIL,COST OF SALES,Variable,1.0,LINEA,false,CWL LINEA COS_RETAIL
OXI,transportation,Transportation,COST OF SALES,,,Renting · Transfers Cost,COS_TRANSPORTATION,COST OF SALES,Fixed Cost,0.0,LINEA,false,CWL LINEA COS_TRANSPORTATION
OXI,innoceana,Innoceana,PAYROLL,,,Contract Labor,OPEX_INNOCEANA,OPERATING EXPENSES,Variable,1.0,LINEA,false,CWL LINEA OPEX_INNOCEANA
OXI,laundry,Laundry,COST OF SALES,,,Laundry Cost,COS_LAUNDRY,COST OF SALES,Variable,1.0,LINEA,false,CWL LINEA COS_LAUNDRY
OXI,ag,A&G,OPERATING EXPENSES,,,PAYROLLl Processing,OH_ADMIN,OVERHEAD EXPENSES,Fixed Cost,0.0,LINEA,false,CWL LINEA OH_ADMIN
OXI,information-system,Information System,PAYROLL,,,Contract Labour,OH_INFORMATION_SYSTEM,OVERHEAD EXPENSES,Fixed Cost,0.0,LINEA,false,CWL LINEA OH_INFORMATION_SYSTEM
OXI,utility,Utility,OPERATING EXPENSES,,,Oil & Gas (Generador) · Oil & Gas (tractors) · Oil (Boat and Equipment) · Other,OH_UTILITIES,OVERHEAD EXPENSES,Fixed Cost,0.0,LINEA,false,CWL LINEA OH_UTILITIES
OXI,property-expenses,Property Expenses,RENT & MANAGEMENT FEES,,,Car Rentals,RENT,OWNER / NON-OP EXPENSES,Fixed Cost,0.0,LINEA,false,CWL LINEA RENT
OXI,property-expenses,Property Expenses,RENT & MANAGEMENT FEES,,,Management Fees  (3%) · Management Fees  Others,MGMT_FEE_3,OWNER / NON-OP EXPENSES,Fixed Cost,0.0,LINEA,false,CWL LINEA MGMT_FEE_3
OXI,property-expenses,Property Expenses,RENT & MANAGEMENT FEES,,,Management Fees  (5%),MGMT_FEE_5_ROYALTIES,OWNER / NON-OP EXPENSES,Fixed Cost,0.0,LINEA,false,CWL LINEA MGMT_FEE_5_ROYALTIES
OXI,property-expenses,Property Expenses,PROPERTIES INSURANCE,,,Boat Insurance · Marime Zone · Property Insurance · Vehicules Insurance,PROPERTY_INSURANCE,OWNER / NON-OP EXPENSES,Fixed Cost,0.0,LINEA,false,CWL LINEA PROPERTY_INSURANCE
OXI,property-expenses,Property Expenses,FINANCIAL CHARGES,,,Bank Charges · Interest Charges,BANK_INTEREST,FINANCIAL EXPENSES,Fixed Cost,0.0,LINEA,false,CWL LINEA BANK_INTEREST
OXI,property-expenses,Property Expenses,CAPITAL EXPENSES,,,LARGE CAPITAL EXPENDITURE,CAPITAL_RESERVE,CAPITAL,Fixed Cost,0.0,LINEA,false,CWL LINEA CAPITAL_RESERVE
OXI,property-expenses,Property Expenses,DEPRECIATION,,,Boats/Buildings · Bulding/ · Cars · Cars/Furniture/Equipment · Equipment · Furniture,DEPRECIATION,DEPRECIATION,Fixed Cost,0.0,LINEA,false,CWL LINEA DEPRECIATION
OXI,property-expenses,Property Expenses,NON DEDUCTIBLE EXPENSES,,,Expenses,OTHER_EXPENSES,OWNER / NON-OP EXPENSES,Fixed Cost,0.0,LINEA,false,CWL LINEA OTHER_EXPENSES
